# country	date	holiday
AT	2019-01-01	holiday
AT	2019-01-06	holiday
AT	2019-04-22	holiday
AT	2019-05-01	holiday
AT	2019-05-30	holiday
AT	2019-06-10	holiday
AT	2019-06-20	holiday
AT	2019-08-15	holiday
AT	2019-10-26	holiday
AT	2019-11-01	holiday
AT	2019-12-08	holiday
AT	2019-12-25	holiday
AT	2019-12-26	holiday
AT	2020-01-01	holiday
AT	2020-01-06	holiday
AT	2020-04-13	holiday
AT	2020-05-01	holiday
AT	2020-05-21	holiday
AT	2020-06-01	holiday
AT	2020-06-11	holiday
AT	2020-08-15	holiday
AT	2020-10-26	holiday
AT	2020-11-01	holiday
AT	2020-12-08	holiday
AT	2020-12-25	holiday
AT	2020-12-26	holiday
AT	2021-01-01	holiday
AT	2021-01-06	holiday
AT	2021-04-05	holiday
AT	2021-05-01	holiday
AT	2021-05-13	holiday
AT	2021-05-24	holiday
AT	2021-06-03	holiday
AT	2021-08-15	holiday
AT	2021-10-26	holiday
AT	2021-11-01	holiday
AT	2021-12-08	holiday
AT	2021-12-25	holiday
AT	2021-12-26	holiday
AT	2022-01-01	holiday
AT	2022-01-06	holiday
AT	2022-04-18	holiday
AT	2022-05-01	holiday
AT	2022-05-26	holiday
AT	2022-06-06	holiday
AT	2022-06-16	holiday
AT	2022-08-15	holiday
AT	2022-10-26	holiday
AT	2022-11-01	holiday
AT	2022-12-08	holiday
AT	2022-12-25	holiday
AT	2022-12-26	holiday
AT	2023-01-01	holiday
AT	2023-01-06	holiday
AT	2023-04-10	holiday
AT	2023-05-01	holiday
AT	2023-05-18	holiday
AT	2023-05-29	holiday
AT	2023-06-08	holiday
AT	2023-08-15	holiday
AT	2023-10-26	holiday
AT	2023-11-01	holiday
AT	2023-12-08	holiday
AT	2023-12-25	holiday
AT	2023-12-26	holiday
AT	2024-01-01	holiday
AT	2024-01-06	holiday
AT	2024-04-01	holiday
AT	2024-05-01	holiday
AT	2024-05-09	holiday
AT	2024-05-20	holiday
AT	2024-05-30	holiday
AT	2024-08-15	holiday
AT	2024-10-26	holiday
AT	2024-11-01	holiday
AT	2024-12-08	holiday
AT	2024-12-25	holiday
AT	2024-12-26	holiday
AT	2025-01-01	holiday
AT	2025-01-06	holiday
AT	2025-04-21	holiday
AT	2025-05-01	holiday
AT	2025-05-29	holiday
AT	2025-06-09	holiday
AT	2025-06-19	holiday
AT	2025-08-15	holiday
AT	2025-10-26	holiday
AT	2025-11-01	holiday
AT	2025-12-08	holiday
AT	2025-12-25	holiday
AT	2025-12-26	holiday
AT	2026-01-01	holiday
AT	2026-01-06	holiday
AT	2026-04-06	holiday
AT	2026-05-01	holiday
AT	2026-05-14	holiday
AT	2026-05-25	holiday
AT	2026-06-04	holiday
AT	2026-08-15	holiday
AT	2026-10-26	holiday
AT	2026-11-01	holiday
AT	2026-12-08	holiday
AT	2026-12-25	holiday
AT	2026-12-26	holiday
AT	2027-01-01	holiday
AT	2027-01-06	holiday
AT	2027-03-29	holiday
AT	2027-05-01	holiday
AT	2027-05-06	holiday
AT	2027-05-17	holiday
AT	2027-05-27	holiday
AT	2027-08-15	holiday
AT	2027-10-26	holiday
AT	2027-11-01	holiday
AT	2027-12-08	holiday
AT	2027-12-25	holiday
AT	2027-12-26	holiday
AT	2028-01-01	holiday
AT	2028-01-06	holiday
AT	2028-04-17	holiday
AT	2028-05-01	holiday
AT	2028-05-25	holiday
AT	2028-06-05	holiday
AT	2028-06-15	holiday
AT	2028-08-15	holiday
AT	2028-10-26	holiday
AT	2028-11-01	holiday
AT	2028-12-08	holiday
AT	2028-12-25	holiday
AT	2028-12-26	holiday
AT	2029-01-01	holiday
AT	2029-01-06	holiday
AT	2029-04-02	holiday
AT	2029-05-01	holiday
AT	2029-05-10	holiday
AT	2029-05-21	holiday
AT	2029-05-31	holiday
AT	2029-08-15	holiday
AT	2029-10-26	holiday
AT	2029-11-01	holiday
AT	2029-12-08	holiday
AT	2029-12-25	holiday
AT	2029-12-26	holiday
AT	2030-01-01	holiday
AT	2030-01-06	holiday
AT	2030-04-22	holiday
AT	2030-05-01	holiday
AT	2030-05-30	holiday
AT	2030-06-10	holiday
AT	2030-06-20	holiday
AT	2030-08-15	holiday
AT	2030-10-26	holiday
AT	2030-11-01	holiday
AT	2030-12-08	holiday
AT	2030-12-25	holiday
AT	2030-12-26	holiday
AT	2031-01-01	holiday
AT	2031-01-06	holiday
AT	2031-04-14	holiday
AT	2031-05-01	holiday
AT	2031-05-22	holiday
AT	2031-06-02	holiday
AT	2031-06-12	holiday
AT	2031-08-15	holiday
AT	2031-10-26	holiday
AT	2031-11-01	holiday
AT	2031-12-08	holiday
AT	2031-12-25	holiday
AT	2031-12-26	holiday
AT	2032-01-01	holiday
AT	2032-01-06	holiday
AT	2032-03-29	holiday
AT	2032-05-01	holiday
AT	2032-05-06	holiday
AT	2032-05-17	holiday
AT	2032-05-27	holiday
AT	2032-08-15	holiday
AT	2032-10-26	holiday
AT	2032-11-01	holiday
AT	2032-12-08	holiday
AT	2032-12-25	holiday
AT	2032-12-26	holiday
AT	2033-01-01	holiday
AT	2033-01-06	holiday
AT	2033-04-18	holiday
AT	2033-05-01	holiday
AT	2033-05-26	holiday
AT	2033-06-06	holiday
AT	2033-06-16	holiday
AT	2033-08-15	holiday
AT	2033-10-26	holiday
AT	2033-11-01	holiday
AT	2033-12-08	holiday
AT	2033-12-25	holiday
AT	2033-12-26	holiday
AT	2034-01-01	holiday
AT	2034-01-06	holiday
AT	2034-04-10	holiday
AT	2034-05-01	holiday
AT	2034-05-18	holiday
AT	2034-05-29	holiday
AT	2034-06-08	holiday
AT	2034-08-15	holiday
AT	2034-10-26	holiday
AT	2034-11-01	holiday
AT	2034-12-08	holiday
AT	2034-12-25	holiday
AT	2034-12-26	holiday
AT	2035-01-01	holiday
AT	2035-01-06	holiday
AT	2035-03-26	holiday
AT	2035-05-01	holiday
AT	2035-05-03	holiday
AT	2035-05-14	holiday
AT	2035-05-24	holiday
AT	2035-08-15	holiday
AT	2035-10-26	holiday
AT	2035-11-01	holiday
AT	2035-12-08	holiday
AT	2035-12-25	holiday
AT	2035-12-26	holiday
AU	2019-01-01	holiday
AU	2019-01-26	holiday
AU	2019-04-19	holiday
AU	2019-04-22	holiday
AU	2019-04-25	holiday
AU	2019-12-25	holiday
AU	2019-12-26	holiday
AU	2020-01-01	holiday
AU	2020-01-26	holiday
AU	2020-04-10	holiday
AU	2020-04-13	holiday
AU	2020-04-25	holiday
AU	2020-12-25	holiday
AU	2020-12-26	holiday
AU	2021-01-01	holiday
AU	2021-01-26	holiday
AU	2021-04-02	holiday
AU	2021-04-05	holiday
AU	2021-04-25	holiday
AU	2021-12-25	holiday
AU	2021-12-26	holiday
AU	2022-01-01	holiday
AU	2022-01-26	holiday
AU	2022-04-15	holiday
AU	2022-04-18	holiday
AU	2022-04-25	holiday
AU	2022-12-25	holiday
AU	2022-12-26	holiday
AU	2023-01-01	holiday
AU	2023-01-26	holiday
AU	2023-04-07	holiday
AU	2023-04-10	holiday
AU	2023-04-25	holiday
AU	2023-12-25	holiday
AU	2023-12-26	holiday
AU	2024-01-01	holiday
AU	2024-01-26	holiday
AU	2024-03-29	holiday
AU	2024-04-01	holiday
AU	2024-04-25	holiday
AU	2024-12-25	holiday
AU	2024-12-26	holiday
AU	2025-01-01	holiday
AU	2025-01-26	holiday
AU	2025-04-18	holiday
AU	2025-04-21	holiday
AU	2025-04-25	holiday
AU	2025-12-25	holiday
AU	2025-12-26	holiday
AU	2026-01-01	holiday
AU	2026-01-26	holiday
AU	2026-04-03	holiday
AU	2026-04-06	holiday
AU	2026-04-25	holiday
AU	2026-12-25	holiday
AU	2026-12-26	holiday
AU	2027-01-01	holiday
AU	2027-01-26	holiday
AU	2027-03-26	holiday
AU	2027-03-29	holiday
AU	2027-04-25	holiday
AU	2027-12-25	holiday
AU	2027-12-26	holiday
AU	2028-01-01	holiday
AU	2028-01-26	holiday
AU	2028-04-14	holiday
AU	2028-04-17	holiday
AU	2028-04-25	holiday
AU	2028-12-25	holiday
AU	2028-12-26	holiday
AU	2029-01-01	holiday
AU	2029-01-26	holiday
AU	2029-03-30	holiday
AU	2029-04-02	holiday
AU	2029-04-25	holiday
AU	2029-12-25	holiday
AU	2029-12-26	holiday
AU	2030-01-01	holiday
AU	2030-01-26	holiday
AU	2030-04-19	holiday
AU	2030-04-22	holiday
AU	2030-04-25	holiday
AU	2030-12-25	holiday
AU	2030-12-26	holiday
AU	2031-01-01	holiday
AU	2031-01-26	holiday
AU	2031-04-11	holiday
AU	2031-04-14	holiday
AU	2031-04-25	holiday
AU	2031-12-25	holiday
AU	2031-12-26	holiday
AU	2032-01-01	holiday
AU	2032-01-26	holiday
AU	2032-03-26	holiday
AU	2032-03-29	holiday
AU	2032-04-25	holiday
AU	2032-12-25	holiday
AU	2032-12-26	holiday
AU	2033-01-01	holiday
AU	2033-01-26	holiday
AU	2033-04-15	holiday
AU	2033-04-18	holiday
AU	2033-04-25	holiday
AU	2033-12-25	holiday
AU	2033-12-26	holiday
AU	2034-01-01	holiday
AU	2034-01-26	holiday
AU	2034-04-07	holiday
AU	2034-04-10	holiday
AU	2034-04-25	holiday
AU	2034-12-25	holiday
AU	2034-12-26	holiday
AU	2035-01-01	holiday
AU	2035-01-26	holiday
AU	2035-03-23	holiday
AU	2035-03-26	holiday
AU	2035-04-25	holiday
AU	2035-12-25	holiday
AU	2035-12-26	holiday
BE	2019-01-01	holiday
BE	2019-04-22	holiday
BE	2019-05-01	holiday
BE	2019-05-30	holiday
BE	2019-06-10	holiday
BE	2019-07-21	holiday
BE	2019-08-15	holiday
BE	2019-11-01	holiday
BE	2019-11-11	holiday
BE	2019-12-25	holiday
BE	2020-01-01	holiday
BE	2020-04-13	holiday
BE	2020-05-01	holiday
BE	2020-05-21	holiday
BE	2020-06-01	holiday
BE	2020-07-21	holiday
BE	2020-08-15	holiday
BE	2020-11-01	holiday
BE	2020-11-11	holiday
BE	2020-12-25	holiday
BE	2021-01-01	holiday
BE	2021-04-05	holiday
BE	2021-05-01	holiday
BE	2021-05-13	holiday
BE	2021-05-24	holiday
BE	2021-07-21	holiday
BE	2021-08-15	holiday
BE	2021-11-01	holiday
BE	2021-11-11	holiday
BE	2021-12-25	holiday
BE	2022-01-01	holiday
BE	2022-04-18	holiday
BE	2022-05-01	holiday
BE	2022-05-26	holiday
BE	2022-06-06	holiday
BE	2022-07-21	holiday
BE	2022-08-15	holiday
BE	2022-11-01	holiday
BE	2022-11-11	holiday
BE	2022-12-25	holiday
BE	2023-01-01	holiday
BE	2023-04-10	holiday
BE	2023-05-01	holiday
BE	2023-05-18	holiday
BE	2023-05-29	holiday
BE	2023-07-21	holiday
BE	2023-08-15	holiday
BE	2023-11-01	holiday
BE	2023-11-11	holiday
BE	2023-12-25	holiday
BE	2024-01-01	holiday
BE	2024-04-01	holiday
BE	2024-05-01	holiday
BE	2024-05-09	holiday
BE	2024-05-20	holiday
BE	2024-07-21	holiday
BE	2024-08-15	holiday
BE	2024-11-01	holiday
BE	2024-11-11	holiday
BE	2024-12-25	holiday
BE	2025-01-01	holiday
BE	2025-04-21	holiday
BE	2025-05-01	holiday
BE	2025-05-29	holiday
BE	2025-06-09	holiday
BE	2025-07-21	holiday
BE	2025-08-15	holiday
BE	2025-11-01	holiday
BE	2025-11-11	holiday
BE	2025-12-25	holiday
BE	2026-01-01	holiday
BE	2026-04-06	holiday
BE	2026-05-01	holiday
BE	2026-05-14	holiday
BE	2026-05-25	holiday
BE	2026-07-21	holiday
BE	2026-08-15	holiday
BE	2026-11-01	holiday
BE	2026-11-11	holiday
BE	2026-12-25	holiday
BE	2027-01-01	holiday
BE	2027-03-29	holiday
BE	2027-05-01	holiday
BE	2027-05-06	holiday
BE	2027-05-17	holiday
BE	2027-07-21	holiday
BE	2027-08-15	holiday
BE	2027-11-01	holiday
BE	2027-11-11	holiday
BE	2027-12-25	holiday
BE	2028-01-01	holiday
BE	2028-04-17	holiday
BE	2028-05-01	holiday
BE	2028-05-25	holiday
BE	2028-06-05	holiday
BE	2028-07-21	holiday
BE	2028-08-15	holiday
BE	2028-11-01	holiday
BE	2028-11-11	holiday
BE	2028-12-25	holiday
BE	2029-01-01	holiday
BE	2029-04-02	holiday
BE	2029-05-01	holiday
BE	2029-05-10	holiday
BE	2029-05-21	holiday
BE	2029-07-21	holiday
BE	2029-08-15	holiday
BE	2029-11-01	holiday
BE	2029-11-11	holiday
BE	2029-12-25	holiday
BE	2030-01-01	holiday
BE	2030-04-22	holiday
BE	2030-05-01	holiday
BE	2030-05-30	holiday
BE	2030-06-10	holiday
BE	2030-07-21	holiday
BE	2030-08-15	holiday
BE	2030-11-01	holiday
BE	2030-11-11	holiday
BE	2030-12-25	holiday
BE	2031-01-01	holiday
BE	2031-04-14	holiday
BE	2031-05-01	holiday
BE	2031-05-22	holiday
BE	2031-06-02	holiday
BE	2031-07-21	holiday
BE	2031-08-15	holiday
BE	2031-11-01	holiday
BE	2031-11-11	holiday
BE	2031-12-25	holiday
BE	2032-01-01	holiday
BE	2032-03-29	holiday
BE	2032-05-01	holiday
BE	2032-05-06	holiday
BE	2032-05-17	holiday
BE	2032-07-21	holiday
BE	2032-08-15	holiday
BE	2032-11-01	holiday
BE	2032-11-11	holiday
BE	2032-12-25	holiday
BE	2033-01-01	holiday
BE	2033-04-18	holiday
BE	2033-05-01	holiday
BE	2033-05-26	holiday
BE	2033-06-06	holiday
BE	2033-07-21	holiday
BE	2033-08-15	holiday
BE	2033-11-01	holiday
BE	2033-11-11	holiday
BE	2033-12-25	holiday
BE	2034-01-01	holiday
BE	2034-04-10	holiday
BE	2034-05-01	holiday
BE	2034-05-18	holiday
BE	2034-05-29	holiday
BE	2034-07-21	holiday
BE	2034-08-15	holiday
BE	2034-11-01	holiday
BE	2034-11-11	holiday
BE	2034-12-25	holiday
BE	2035-01-01	holiday
BE	2035-03-26	holiday
BE	2035-05-01	holiday
BE	2035-05-03	holiday
BE	2035-05-14	holiday
BE	2035-07-21	holiday
BE	2035-08-15	holiday
BE	2035-11-01	holiday
BE	2035-11-11	holiday
BE	2035-12-25	holiday
BR	2019-01-01	holiday
BR	2019-04-19	holiday
BR	2019-04-21	holiday
BR	2019-05-01	holiday
BR	2019-09-07	holiday
BR	2019-10-12	holiday
BR	2019-11-02	holiday
BR	2019-11-15	holiday
BR	2019-12-25	holiday
BR	2020-01-01	holiday
BR	2020-04-10	holiday
BR	2020-04-21	holiday
BR	2020-05-01	holiday
BR	2020-09-07	holiday
BR	2020-10-12	holiday
BR	2020-11-02	holiday
BR	2020-11-15	holiday
BR	2020-12-25	holiday
BR	2021-01-01	holiday
BR	2021-04-02	holiday
BR	2021-04-21	holiday
BR	2021-05-01	holiday
BR	2021-09-07	holiday
BR	2021-10-12	holiday
BR	2021-11-02	holiday
BR	2021-11-15	holiday
BR	2021-12-25	holiday
BR	2022-01-01	holiday
BR	2022-04-15	holiday
BR	2022-04-21	holiday
BR	2022-05-01	holiday
BR	2022-09-07	holiday
BR	2022-10-12	holiday
BR	2022-11-02	holiday
BR	2022-11-15	holiday
BR	2022-12-25	holiday
BR	2023-01-01	holiday
BR	2023-04-07	holiday
BR	2023-04-21	holiday
BR	2023-05-01	holiday
BR	2023-09-07	holiday
BR	2023-10-12	holiday
BR	2023-11-02	holiday
BR	2023-11-15	holiday
BR	2023-12-25	holiday
BR	2024-01-01	holiday
BR	2024-03-29	holiday
BR	2024-04-21	holiday
BR	2024-05-01	holiday
BR	2024-09-07	holiday
BR	2024-10-12	holiday
BR	2024-11-02	holiday
BR	2024-11-15	holiday
BR	2024-12-25	holiday
BR	2025-01-01	holiday
BR	2025-04-18	holiday
BR	2025-04-21	holiday
BR	2025-05-01	holiday
BR	2025-09-07	holiday
BR	2025-10-12	holiday
BR	2025-11-02	holiday
BR	2025-11-15	holiday
BR	2025-12-25	holiday
BR	2026-01-01	holiday
BR	2026-04-03	holiday
BR	2026-04-21	holiday
BR	2026-05-01	holiday
BR	2026-09-07	holiday
BR	2026-10-12	holiday
BR	2026-11-02	holiday
BR	2026-11-15	holiday
BR	2026-12-25	holiday
BR	2027-01-01	holiday
BR	2027-03-26	holiday
BR	2027-04-21	holiday
BR	2027-05-01	holiday
BR	2027-09-07	holiday
BR	2027-10-12	holiday
BR	2027-11-02	holiday
BR	2027-11-15	holiday
BR	2027-12-25	holiday
BR	2028-01-01	holiday
BR	2028-04-14	holiday
BR	2028-04-21	holiday
BR	2028-05-01	holiday
BR	2028-09-07	holiday
BR	2028-10-12	holiday
BR	2028-11-02	holiday
BR	2028-11-15	holiday
BR	2028-12-25	holiday
BR	2029-01-01	holiday
BR	2029-03-30	holiday
BR	2029-04-21	holiday
BR	2029-05-01	holiday
BR	2029-09-07	holiday
BR	2029-10-12	holiday
BR	2029-11-02	holiday
BR	2029-11-15	holiday
BR	2029-12-25	holiday
BR	2030-01-01	holiday
BR	2030-04-19	holiday
BR	2030-04-21	holiday
BR	2030-05-01	holiday
BR	2030-09-07	holiday
BR	2030-10-12	holiday
BR	2030-11-02	holiday
BR	2030-11-15	holiday
BR	2030-12-25	holiday
BR	2031-01-01	holiday
BR	2031-04-11	holiday
BR	2031-04-21	holiday
BR	2031-05-01	holiday
BR	2031-09-07	holiday
BR	2031-10-12	holiday
BR	2031-11-02	holiday
BR	2031-11-15	holiday
BR	2031-12-25	holiday
BR	2032-01-01	holiday
BR	2032-03-26	holiday
BR	2032-04-21	holiday
BR	2032-05-01	holiday
BR	2032-09-07	holiday
BR	2032-10-12	holiday
BR	2032-11-02	holiday
BR	2032-11-15	holiday
BR	2032-12-25	holiday
BR	2033-01-01	holiday
BR	2033-04-15	holiday
BR	2033-04-21	holiday
BR	2033-05-01	holiday
BR	2033-09-07	holiday
BR	2033-10-12	holiday
BR	2033-11-02	holiday
BR	2033-11-15	holiday
BR	2033-12-25	holiday
BR	2034-01-01	holiday
BR	2034-04-07	holiday
BR	2034-04-21	holiday
BR	2034-05-01	holiday
BR	2034-09-07	holiday
BR	2034-10-12	holiday
BR	2034-11-02	holiday
BR	2034-11-15	holiday
BR	2034-12-25	holiday
BR	2035-01-01	holiday
BR	2035-03-23	holiday
BR	2035-04-21	holiday
BR	2035-05-01	holiday
BR	2035-09-07	holiday
BR	2035-10-12	holiday
BR	2035-11-02	holiday
BR	2035-11-15	holiday
BR	2035-12-25	holiday
CA	2019-01-01	holiday
CA	2019-04-19	holiday
CA	2019-05-20	holiday
CA	2019-07-01	holiday
CA	2019-09-02	holiday
CA	2019-10-14	holiday
CA	2019-11-11	holiday
CA	2019-12-25	holiday
CA	2019-12-26	holiday
CA	2020-01-01	holiday
CA	2020-04-10	holiday
CA	2020-05-25	holiday
CA	2020-07-01	holiday
CA	2020-09-07	holiday
CA	2020-10-12	holiday
CA	2020-11-11	holiday
CA	2020-12-25	holiday
CA	2020-12-26	holiday
CA	2021-01-01	holiday
CA	2021-04-02	holiday
CA	2021-05-24	holiday
CA	2021-07-01	holiday
CA	2021-09-06	holiday
CA	2021-10-11	holiday
CA	2021-11-11	holiday
CA	2021-12-25	holiday
CA	2021-12-26	holiday
CA	2022-01-01	holiday
CA	2022-04-15	holiday
CA	2022-05-23	holiday
CA	2022-07-01	holiday
CA	2022-09-05	holiday
CA	2022-10-10	holiday
CA	2022-11-11	holiday
CA	2022-12-25	holiday
CA	2022-12-26	holiday
CA	2023-01-01	holiday
CA	2023-04-07	holiday
CA	2023-05-22	holiday
CA	2023-07-01	holiday
CA	2023-09-04	holiday
CA	2023-10-09	holiday
CA	2023-11-11	holiday
CA	2023-12-25	holiday
CA	2023-12-26	holiday
CA	2024-01-01	holiday
CA	2024-03-29	holiday
CA	2024-05-20	holiday
CA	2024-07-01	holiday
CA	2024-09-02	holiday
CA	2024-10-14	holiday
CA	2024-11-11	holiday
CA	2024-12-25	holiday
CA	2024-12-26	holiday
CA	2025-01-01	holiday
CA	2025-04-18	holiday
CA	2025-05-19	holiday
CA	2025-07-01	holiday
CA	2025-09-01	holiday
CA	2025-10-13	holiday
CA	2025-11-11	holiday
CA	2025-12-25	holiday
CA	2025-12-26	holiday
CA	2026-01-01	holiday
CA	2026-04-03	holiday
CA	2026-05-25	holiday
CA	2026-07-01	holiday
CA	2026-09-07	holiday
CA	2026-10-12	holiday
CA	2026-11-11	holiday
CA	2026-12-25	holiday
CA	2026-12-26	holiday
CA	2027-01-01	holiday
CA	2027-03-26	holiday
CA	2027-05-24	holiday
CA	2027-07-01	holiday
CA	2027-09-06	holiday
CA	2027-10-11	holiday
CA	2027-11-11	holiday
CA	2027-12-25	holiday
CA	2027-12-26	holiday
CA	2028-01-01	holiday
CA	2028-04-14	holiday
CA	2028-05-22	holiday
CA	2028-07-01	holiday
CA	2028-09-04	holiday
CA	2028-10-09	holiday
CA	2028-11-11	holiday
CA	2028-12-25	holiday
CA	2028-12-26	holiday
CA	2029-01-01	holiday
CA	2029-03-30	holiday
CA	2029-05-21	holiday
CA	2029-07-01	holiday
CA	2029-09-03	holiday
CA	2029-10-08	holiday
CA	2029-11-11	holiday
CA	2029-12-25	holiday
CA	2029-12-26	holiday
CA	2030-01-01	holiday
CA	2030-04-19	holiday
CA	2030-05-20	holiday
CA	2030-07-01	holiday
CA	2030-09-02	holiday
CA	2030-10-14	holiday
CA	2030-11-11	holiday
CA	2030-12-25	holiday
CA	2030-12-26	holiday
CA	2031-01-01	holiday
CA	2031-04-11	holiday
CA	2031-05-19	holiday
CA	2031-07-01	holiday
CA	2031-09-01	holiday
CA	2031-10-13	holiday
CA	2031-11-11	holiday
CA	2031-12-25	holiday
CA	2031-12-26	holiday
CA	2032-01-01	holiday
CA	2032-03-26	holiday
CA	2032-05-24	holiday
CA	2032-07-01	holiday
CA	2032-09-06	holiday
CA	2032-10-11	holiday
CA	2032-11-11	holiday
CA	2032-12-25	holiday
CA	2032-12-26	holiday
CA	2033-01-01	holiday
CA	2033-04-15	holiday
CA	2033-05-23	holiday
CA	2033-07-01	holiday
CA	2033-09-05	holiday
CA	2033-10-10	holiday
CA	2033-11-11	holiday
CA	2033-12-25	holiday
CA	2033-12-26	holiday
CA	2034-01-01	holiday
CA	2034-04-07	holiday
CA	2034-05-22	holiday
CA	2034-07-01	holiday
CA	2034-09-04	holiday
CA	2034-10-09	holiday
CA	2034-11-11	holiday
CA	2034-12-25	holiday
CA	2034-12-26	holiday
CA	2035-01-01	holiday
CA	2035-03-23	holiday
CA	2035-05-21	holiday
CA	2035-07-01	holiday
CA	2035-09-03	holiday
CA	2035-10-08	holiday
CA	2035-11-11	holiday
CA	2035-12-25	holiday
CA	2035-12-26	holiday
CH	2019-01-01	holiday
CH	2019-05-30	holiday
CH	2019-08-01	holiday
CH	2019-12-25	holiday
CH	2020-01-01	holiday
CH	2020-05-21	holiday
CH	2020-08-01	holiday
CH	2020-12-25	holiday
CH	2021-01-01	holiday
CH	2021-05-13	holiday
CH	2021-08-01	holiday
CH	2021-12-25	holiday
CH	2022-01-01	holiday
CH	2022-05-26	holiday
CH	2022-08-01	holiday
CH	2022-12-25	holiday
CH	2023-01-01	holiday
CH	2023-05-18	holiday
CH	2023-08-01	holiday
CH	2023-12-25	holiday
CH	2024-01-01	holiday
CH	2024-05-09	holiday
CH	2024-08-01	holiday
CH	2024-12-25	holiday
CH	2025-01-01	holiday
CH	2025-05-29	holiday
CH	2025-08-01	holiday
CH	2025-12-25	holiday
CH	2026-01-01	holiday
CH	2026-05-14	holiday
CH	2026-08-01	holiday
CH	2026-12-25	holiday
CH	2027-01-01	holiday
CH	2027-05-06	holiday
CH	2027-08-01	holiday
CH	2027-12-25	holiday
CH	2028-01-01	holiday
CH	2028-05-25	holiday
CH	2028-08-01	holiday
CH	2028-12-25	holiday
CH	2029-01-01	holiday
CH	2029-05-10	holiday
CH	2029-08-01	holiday
CH	2029-12-25	holiday
CH	2030-01-01	holiday
CH	2030-05-30	holiday
CH	2030-08-01	holiday
CH	2030-12-25	holiday
CH	2031-01-01	holiday
CH	2031-05-22	holiday
CH	2031-08-01	holiday
CH	2031-12-25	holiday
CH	2032-01-01	holiday
CH	2032-05-06	holiday
CH	2032-08-01	holiday
CH	2032-12-25	holiday
CH	2033-01-01	holiday
CH	2033-05-26	holiday
CH	2033-08-01	holiday
CH	2033-12-25	holiday
CH	2034-01-01	holiday
CH	2034-05-18	holiday
CH	2034-08-01	holiday
CH	2034-12-25	holiday
CH	2035-01-01	holiday
CH	2035-05-03	holiday
CH	2035-08-01	holiday
CH	2035-12-25	holiday
CN	2019-01-01	holiday
CN	2019-05-01	holiday
CN	2019-05-02	holiday
CN	2019-05-03	holiday
CN	2019-10-01	holiday
CN	2019-10-02	holiday
CN	2019-10-03	holiday
CN	2019-10-04	holiday
CN	2019-10-05	holiday
CN	2019-10-06	holiday
CN	2019-10-07	holiday
CN	2020-01-01	holiday
CN	2020-05-01	holiday
CN	2020-05-02	holiday
CN	2020-05-03	holiday
CN	2020-10-01	holiday
CN	2020-10-02	holiday
CN	2020-10-03	holiday
CN	2020-10-04	holiday
CN	2020-10-05	holiday
CN	2020-10-06	holiday
CN	2020-10-07	holiday
CN	2021-01-01	holiday
CN	2021-05-01	holiday
CN	2021-05-02	holiday
CN	2021-05-03	holiday
CN	2021-10-01	holiday
CN	2021-10-02	holiday
CN	2021-10-03	holiday
CN	2021-10-04	holiday
CN	2021-10-05	holiday
CN	2021-10-06	holiday
CN	2021-10-07	holiday
CN	2022-01-01	holiday
CN	2022-05-01	holiday
CN	2022-05-02	holiday
CN	2022-05-03	holiday
CN	2022-10-01	holiday
CN	2022-10-02	holiday
CN	2022-10-03	holiday
CN	2022-10-04	holiday
CN	2022-10-05	holiday
CN	2022-10-06	holiday
CN	2022-10-07	holiday
CN	2023-01-01	holiday
CN	2023-05-01	holiday
CN	2023-05-02	holiday
CN	2023-05-03	holiday
CN	2023-10-01	holiday
CN	2023-10-02	holiday
CN	2023-10-03	holiday
CN	2023-10-04	holiday
CN	2023-10-05	holiday
CN	2023-10-06	holiday
CN	2023-10-07	holiday
CN	2024-01-01	holiday
CN	2024-05-01	holiday
CN	2024-05-02	holiday
CN	2024-05-03	holiday
CN	2024-10-01	holiday
CN	2024-10-02	holiday
CN	2024-10-03	holiday
CN	2024-10-04	holiday
CN	2024-10-05	holiday
CN	2024-10-06	holiday
CN	2024-10-07	holiday
CN	2025-01-01	holiday
CN	2025-05-01	holiday
CN	2025-05-02	holiday
CN	2025-05-03	holiday
CN	2025-10-01	holiday
CN	2025-10-02	holiday
CN	2025-10-03	holiday
CN	2025-10-04	holiday
CN	2025-10-05	holiday
CN	2025-10-06	holiday
CN	2025-10-07	holiday
CN	2026-01-01	holiday
CN	2026-05-01	holiday
CN	2026-05-02	holiday
CN	2026-05-03	holiday
CN	2026-10-01	holiday
CN	2026-10-02	holiday
CN	2026-10-03	holiday
CN	2026-10-04	holiday
CN	2026-10-05	holiday
CN	2026-10-06	holiday
CN	2026-10-07	holiday
CN	2027-01-01	holiday
CN	2027-05-01	holiday
CN	2027-05-02	holiday
CN	2027-05-03	holiday
CN	2027-10-01	holiday
CN	2027-10-02	holiday
CN	2027-10-03	holiday
CN	2027-10-04	holiday
CN	2027-10-05	holiday
CN	2027-10-06	holiday
CN	2027-10-07	holiday
CN	2028-01-01	holiday
CN	2028-05-01	holiday
CN	2028-05-02	holiday
CN	2028-05-03	holiday
CN	2028-10-01	holiday
CN	2028-10-02	holiday
CN	2028-10-03	holiday
CN	2028-10-04	holiday
CN	2028-10-05	holiday
CN	2028-10-06	holiday
CN	2028-10-07	holiday
CN	2029-01-01	holiday
CN	2029-05-01	holiday
CN	2029-05-02	holiday
CN	2029-05-03	holiday
CN	2029-10-01	holiday
CN	2029-10-02	holiday
CN	2029-10-03	holiday
CN	2029-10-04	holiday
CN	2029-10-05	holiday
CN	2029-10-06	holiday
CN	2029-10-07	holiday
CN	2030-01-01	holiday
CN	2030-05-01	holiday
CN	2030-05-02	holiday
CN	2030-05-03	holiday
CN	2030-10-01	holiday
CN	2030-10-02	holiday
CN	2030-10-03	holiday
CN	2030-10-04	holiday
CN	2030-10-05	holiday
CN	2030-10-06	holiday
CN	2030-10-07	holiday
CN	2031-01-01	holiday
CN	2031-05-01	holiday
CN	2031-05-02	holiday
CN	2031-05-03	holiday
CN	2031-10-01	holiday
CN	2031-10-02	holiday
CN	2031-10-03	holiday
CN	2031-10-04	holiday
CN	2031-10-05	holiday
CN	2031-10-06	holiday
CN	2031-10-07	holiday
CN	2032-01-01	holiday
CN	2032-05-01	holiday
CN	2032-05-02	holiday
CN	2032-05-03	holiday
CN	2032-10-01	holiday
CN	2032-10-02	holiday
CN	2032-10-03	holiday
CN	2032-10-04	holiday
CN	2032-10-05	holiday
CN	2032-10-06	holiday
CN	2032-10-07	holiday
CN	2033-01-01	holiday
CN	2033-05-01	holiday
CN	2033-05-02	holiday
CN	2033-05-03	holiday
CN	2033-10-01	holiday
CN	2033-10-02	holiday
CN	2033-10-03	holiday
CN	2033-10-04	holiday
CN	2033-10-05	holiday
CN	2033-10-06	holiday
CN	2033-10-07	holiday
CN	2034-01-01	holiday
CN	2034-05-01	holiday
CN	2034-05-02	holiday
CN	2034-05-03	holiday
CN	2034-10-01	holiday
CN	2034-10-02	holiday
CN	2034-10-03	holiday
CN	2034-10-04	holiday
CN	2034-10-05	holiday
CN	2034-10-06	holiday
CN	2034-10-07	holiday
CN	2035-01-01	holiday
CN	2035-05-01	holiday
CN	2035-05-02	holiday
CN	2035-05-03	holiday
CN	2035-10-01	holiday
CN	2035-10-02	holiday
CN	2035-10-03	holiday
CN	2035-10-04	holiday
CN	2035-10-05	holiday
CN	2035-10-06	holiday
CN	2035-10-07	holiday
DE	2019-01-01	holiday
DE	2019-04-19	holiday
DE	2019-04-22	holiday
DE	2019-05-01	holiday
DE	2019-05-30	holiday
DE	2019-06-10	holiday
DE	2019-10-03	holiday
DE	2019-12-25	holiday
DE	2019-12-26	holiday
DE	2020-01-01	holiday
DE	2020-04-10	holiday
DE	2020-04-13	holiday
DE	2020-05-01	holiday
DE	2020-05-21	holiday
DE	2020-06-01	holiday
DE	2020-10-03	holiday
DE	2020-12-25	holiday
DE	2020-12-26	holiday
DE	2021-01-01	holiday
DE	2021-04-02	holiday
DE	2021-04-05	holiday
DE	2021-05-01	holiday
DE	2021-05-13	holiday
DE	2021-05-24	holiday
DE	2021-10-03	holiday
DE	2021-12-25	holiday
DE	2021-12-26	holiday
DE	2022-01-01	holiday
DE	2022-04-15	holiday
DE	2022-04-18	holiday
DE	2022-05-01	holiday
DE	2022-05-26	holiday
DE	2022-06-06	holiday
DE	2022-10-03	holiday
DE	2022-12-25	holiday
DE	2022-12-26	holiday
DE	2023-01-01	holiday
DE	2023-04-07	holiday
DE	2023-04-10	holiday
DE	2023-05-01	holiday
DE	2023-05-18	holiday
DE	2023-05-29	holiday
DE	2023-10-03	holiday
DE	2023-12-25	holiday
DE	2023-12-26	holiday
DE	2024-01-01	holiday
DE	2024-03-29	holiday
DE	2024-04-01	holiday
DE	2024-05-01	holiday
DE	2024-05-09	holiday
DE	2024-05-20	holiday
DE	2024-10-03	holiday
DE	2024-12-25	holiday
DE	2024-12-26	holiday
DE	2025-01-01	holiday
DE	2025-04-18	holiday
DE	2025-04-21	holiday
DE	2025-05-01	holiday
DE	2025-05-29	holiday
DE	2025-06-09	holiday
DE	2025-10-03	holiday
DE	2025-12-25	holiday
DE	2025-12-26	holiday
DE	2026-01-01	holiday
DE	2026-04-03	holiday
DE	2026-04-06	holiday
DE	2026-05-01	holiday
DE	2026-05-14	holiday
DE	2026-05-25	holiday
DE	2026-10-03	holiday
DE	2026-12-25	holiday
DE	2026-12-26	holiday
DE	2027-01-01	holiday
DE	2027-03-26	holiday
DE	2027-03-29	holiday
DE	2027-05-01	holiday
DE	2027-05-06	holiday
DE	2027-05-17	holiday
DE	2027-10-03	holiday
DE	2027-12-25	holiday
DE	2027-12-26	holiday
DE	2028-01-01	holiday
DE	2028-04-14	holiday
DE	2028-04-17	holiday
DE	2028-05-01	holiday
DE	2028-05-25	holiday
DE	2028-06-05	holiday
DE	2028-10-03	holiday
DE	2028-12-25	holiday
DE	2028-12-26	holiday
DE	2029-01-01	holiday
DE	2029-03-30	holiday
DE	2029-04-02	holiday
DE	2029-05-01	holiday
DE	2029-05-10	holiday
DE	2029-05-21	holiday
DE	2029-10-03	holiday
DE	2029-12-25	holiday
DE	2029-12-26	holiday
DE	2030-01-01	holiday
DE	2030-04-19	holiday
DE	2030-04-22	holiday
DE	2030-05-01	holiday
DE	2030-05-30	holiday
DE	2030-06-10	holiday
DE	2030-10-03	holiday
DE	2030-12-25	holiday
DE	2030-12-26	holiday
DE	2031-01-01	holiday
DE	2031-04-11	holiday
DE	2031-04-14	holiday
DE	2031-05-01	holiday
DE	2031-05-22	holiday
DE	2031-06-02	holiday
DE	2031-10-03	holiday
DE	2031-12-25	holiday
DE	2031-12-26	holiday
DE	2032-01-01	holiday
DE	2032-03-26	holiday
DE	2032-03-29	holiday
DE	2032-05-01	holiday
DE	2032-05-06	holiday
DE	2032-05-17	holiday
DE	2032-10-03	holiday
DE	2032-12-25	holiday
DE	2032-12-26	holiday
DE	2033-01-01	holiday
DE	2033-04-15	holiday
DE	2033-04-18	holiday
DE	2033-05-01	holiday
DE	2033-05-26	holiday
DE	2033-06-06	holiday
DE	2033-10-03	holiday
DE	2033-12-25	holiday
DE	2033-12-26	holiday
DE	2034-01-01	holiday
DE	2034-04-07	holiday
DE	2034-04-10	holiday
DE	2034-05-01	holiday
DE	2034-05-18	holiday
DE	2034-05-29	holiday
DE	2034-10-03	holiday
DE	2034-12-25	holiday
DE	2034-12-26	holiday
DE	2035-01-01	holiday
DE	2035-03-23	holiday
DE	2035-03-26	holiday
DE	2035-05-01	holiday
DE	2035-05-03	holiday
DE	2035-05-14	holiday
DE	2035-10-03	holiday
DE	2035-12-25	holiday
DE	2035-12-26	holiday
ES	2019-01-01	holiday
ES	2019-01-06	holiday
ES	2019-04-19	holiday
ES	2019-05-01	holiday
ES	2019-08-15	holiday
ES	2019-10-12	holiday
ES	2019-11-01	holiday
ES	2019-12-06	holiday
ES	2019-12-08	holiday
ES	2019-12-25	holiday
ES	2020-01-01	holiday
ES	2020-01-06	holiday
ES	2020-04-10	holiday
ES	2020-05-01	holiday
ES	2020-08-15	holiday
ES	2020-10-12	holiday
ES	2020-11-01	holiday
ES	2020-12-06	holiday
ES	2020-12-08	holiday
ES	2020-12-25	holiday
ES	2021-01-01	holiday
ES	2021-01-06	holiday
ES	2021-04-02	holiday
ES	2021-05-01	holiday
ES	2021-08-15	holiday
ES	2021-10-12	holiday
ES	2021-11-01	holiday
ES	2021-12-06	holiday
ES	2021-12-08	holiday
ES	2021-12-25	holiday
ES	2022-01-01	holiday
ES	2022-01-06	holiday
ES	2022-04-15	holiday
ES	2022-05-01	holiday
ES	2022-08-15	holiday
ES	2022-10-12	holiday
ES	2022-11-01	holiday
ES	2022-12-06	holiday
ES	2022-12-08	holiday
ES	2022-12-25	holiday
ES	2023-01-01	holiday
ES	2023-01-06	holiday
ES	2023-04-07	holiday
ES	2023-05-01	holiday
ES	2023-08-15	holiday
ES	2023-10-12	holiday
ES	2023-11-01	holiday
ES	2023-12-06	holiday
ES	2023-12-08	holiday
ES	2023-12-25	holiday
ES	2024-01-01	holiday
ES	2024-01-06	holiday
ES	2024-03-29	holiday
ES	2024-05-01	holiday
ES	2024-08-15	holiday
ES	2024-10-12	holiday
ES	2024-11-01	holiday
ES	2024-12-06	holiday
ES	2024-12-08	holiday
ES	2024-12-25	holiday
ES	2025-01-01	holiday
ES	2025-01-06	holiday
ES	2025-04-18	holiday
ES	2025-05-01	holiday
ES	2025-08-15	holiday
ES	2025-10-12	holiday
ES	2025-11-01	holiday
ES	2025-12-06	holiday
ES	2025-12-08	holiday
ES	2025-12-25	holiday
ES	2026-01-01	holiday
ES	2026-01-06	holiday
ES	2026-04-03	holiday
ES	2026-05-01	holiday
ES	2026-08-15	holiday
ES	2026-10-12	holiday
ES	2026-11-01	holiday
ES	2026-12-06	holiday
ES	2026-12-08	holiday
ES	2026-12-25	holiday
ES	2027-01-01	holiday
ES	2027-01-06	holiday
ES	2027-03-26	holiday
ES	2027-05-01	holiday
ES	2027-08-15	holiday
ES	2027-10-12	holiday
ES	2027-11-01	holiday
ES	2027-12-06	holiday
ES	2027-12-08	holiday
ES	2027-12-25	holiday
ES	2028-01-01	holiday
ES	2028-01-06	holiday
ES	2028-04-14	holiday
ES	2028-05-01	holiday
ES	2028-08-15	holiday
ES	2028-10-12	holiday
ES	2028-11-01	holiday
ES	2028-12-06	holiday
ES	2028-12-08	holiday
ES	2028-12-25	holiday
ES	2029-01-01	holiday
ES	2029-01-06	holiday
ES	2029-03-30	holiday
ES	2029-05-01	holiday
ES	2029-08-15	holiday
ES	2029-10-12	holiday
ES	2029-11-01	holiday
ES	2029-12-06	holiday
ES	2029-12-08	holiday
ES	2029-12-25	holiday
ES	2030-01-01	holiday
ES	2030-01-06	holiday
ES	2030-04-19	holiday
ES	2030-05-01	holiday
ES	2030-08-15	holiday
ES	2030-10-12	holiday
ES	2030-11-01	holiday
ES	2030-12-06	holiday
ES	2030-12-08	holiday
ES	2030-12-25	holiday
ES	2031-01-01	holiday
ES	2031-01-06	holiday
ES	2031-04-11	holiday
ES	2031-05-01	holiday
ES	2031-08-15	holiday
ES	2031-10-12	holiday
ES	2031-11-01	holiday
ES	2031-12-06	holiday
ES	2031-12-08	holiday
ES	2031-12-25	holiday
ES	2032-01-01	holiday
ES	2032-01-06	holiday
ES	2032-03-26	holiday
ES	2032-05-01	holiday
ES	2032-08-15	holiday
ES	2032-10-12	holiday
ES	2032-11-01	holiday
ES	2032-12-06	holiday
ES	2032-12-08	holiday
ES	2032-12-25	holiday
ES	2033-01-01	holiday
ES	2033-01-06	holiday
ES	2033-04-15	holiday
ES	2033-05-01	holiday
ES	2033-08-15	holiday
ES	2033-10-12	holiday
ES	2033-11-01	holiday
ES	2033-12-06	holiday
ES	2033-12-08	holiday
ES	2033-12-25	holiday
ES	2034-01-01	holiday
ES	2034-01-06	holiday
ES	2034-04-07	holiday
ES	2034-05-01	holiday
ES	2034-08-15	holiday
ES	2034-10-12	holiday
ES	2034-11-01	holiday
ES	2034-12-06	holiday
ES	2034-12-08	holiday
ES	2034-12-25	holiday
ES	2035-01-01	holiday
ES	2035-01-06	holiday
ES	2035-03-23	holiday
ES	2035-05-01	holiday
ES	2035-08-15	holiday
ES	2035-10-12	holiday
ES	2035-11-01	holiday
ES	2035-12-06	holiday
ES	2035-12-08	holiday
ES	2035-12-25	holiday
FR	2019-01-01	holiday
FR	2019-04-22	holiday
FR	2019-05-01	holiday
FR	2019-05-08	holiday
FR	2019-05-30	holiday
FR	2019-06-10	holiday
FR	2019-07-14	holiday
FR	2019-08-15	holiday
FR	2019-11-01	holiday
FR	2019-11-11	holiday
FR	2019-12-25	holiday
FR	2020-01-01	holiday
FR	2020-04-13	holiday
FR	2020-05-01	holiday
FR	2020-05-08	holiday
FR	2020-05-21	holiday
FR	2020-06-01	holiday
FR	2020-07-14	holiday
FR	2020-08-15	holiday
FR	2020-11-01	holiday
FR	2020-11-11	holiday
FR	2020-12-25	holiday
FR	2021-01-01	holiday
FR	2021-04-05	holiday
FR	2021-05-01	holiday
FR	2021-05-08	holiday
FR	2021-05-13	holiday
FR	2021-05-24	holiday
FR	2021-07-14	holiday
FR	2021-08-15	holiday
FR	2021-11-01	holiday
FR	2021-11-11	holiday
FR	2021-12-25	holiday
FR	2022-01-01	holiday
FR	2022-04-18	holiday
FR	2022-05-01	holiday
FR	2022-05-08	holiday
FR	2022-05-26	holiday
FR	2022-06-06	holiday
FR	2022-07-14	holiday
FR	2022-08-15	holiday
FR	2022-11-01	holiday
FR	2022-11-11	holiday
FR	2022-12-25	holiday
FR	2023-01-01	holiday
FR	2023-04-10	holiday
FR	2023-05-01	holiday
FR	2023-05-08	holiday
FR	2023-05-18	holiday
FR	2023-05-29	holiday
FR	2023-07-14	holiday
FR	2023-08-15	holiday
FR	2023-11-01	holiday
FR	2023-11-11	holiday
FR	2023-12-25	holiday
FR	2024-01-01	holiday
FR	2024-04-01	holiday
FR	2024-05-01	holiday
FR	2024-05-08	holiday
FR	2024-05-09	holiday
FR	2024-05-20	holiday
FR	2024-07-14	holiday
FR	2024-08-15	holiday
FR	2024-11-01	holiday
FR	2024-11-11	holiday
FR	2024-12-25	holiday
FR	2025-01-01	holiday
FR	2025-04-21	holiday
FR	2025-05-01	holiday
FR	2025-05-08	holiday
FR	2025-05-29	holiday
FR	2025-06-09	holiday
FR	2025-07-14	holiday
FR	2025-08-15	holiday
FR	2025-11-01	holiday
FR	2025-11-11	holiday
FR	2025-12-25	holiday
FR	2026-01-01	holiday
FR	2026-04-06	holiday
FR	2026-05-01	holiday
FR	2026-05-08	holiday
FR	2026-05-14	holiday
FR	2026-05-25	holiday
FR	2026-07-14	holiday
FR	2026-08-15	holiday
FR	2026-11-01	holiday
FR	2026-11-11	holiday
FR	2026-12-25	holiday
FR	2027-01-01	holiday
FR	2027-03-29	holiday
FR	2027-05-01	holiday
FR	2027-05-08	holiday
FR	2027-05-06	holiday
FR	2027-05-17	holiday
FR	2027-07-14	holiday
FR	2027-08-15	holiday
FR	2027-11-01	holiday
FR	2027-11-11	holiday
FR	2027-12-25	holiday
FR	2028-01-01	holiday
FR	2028-04-17	holiday
FR	2028-05-01	holiday
FR	2028-05-08	holiday
FR	2028-05-25	holiday
FR	2028-06-05	holiday
FR	2028-07-14	holiday
FR	2028-08-15	holiday
FR	2028-11-01	holiday
FR	2028-11-11	holiday
FR	2028-12-25	holiday
FR	2029-01-01	holiday
FR	2029-04-02	holiday
FR	2029-05-01	holiday
FR	2029-05-08	holiday
FR	2029-05-10	holiday
FR	2029-05-21	holiday
FR	2029-07-14	holiday
FR	2029-08-15	holiday
FR	2029-11-01	holiday
FR	2029-11-11	holiday
FR	2029-12-25	holiday
FR	2030-01-01	holiday
FR	2030-04-22	holiday
FR	2030-05-01	holiday
FR	2030-05-08	holiday
FR	2030-05-30	holiday
FR	2030-06-10	holiday
FR	2030-07-14	holiday
FR	2030-08-15	holiday
FR	2030-11-01	holiday
FR	2030-11-11	holiday
FR	2030-12-25	holiday
FR	2031-01-01	holiday
FR	2031-04-14	holiday
FR	2031-05-01	holiday
FR	2031-05-08	holiday
FR	2031-05-22	holiday
FR	2031-06-02	holiday
FR	2031-07-14	holiday
FR	2031-08-15	holiday
FR	2031-11-01	holiday
FR	2031-11-11	holiday
FR	2031-12-25	holiday
FR	2032-01-01	holiday
FR	2032-03-29	holiday
FR	2032-05-01	holiday
FR	2032-05-08	holiday
FR	2032-05-06	holiday
FR	2032-05-17	holiday
FR	2032-07-14	holiday
FR	2032-08-15	holiday
FR	2032-11-01	holiday
FR	2032-11-11	holiday
FR	2032-12-25	holiday
FR	2033-01-01	holiday
FR	2033-04-18	holiday
FR	2033-05-01	holiday
FR	2033-05-08	holiday
FR	2033-05-26	holiday
FR	2033-06-06	holiday
FR	2033-07-14	holiday
FR	2033-08-15	holiday
FR	2033-11-01	holiday
FR	2033-11-11	holiday
FR	2033-12-25	holiday
FR	2034-01-01	holiday
FR	2034-04-10	holiday
FR	2034-05-01	holiday
FR	2034-05-08	holiday
FR	2034-05-18	holiday
FR	2034-05-29	holiday
FR	2034-07-14	holiday
FR	2034-08-15	holiday
FR	2034-11-01	holiday
FR	2034-11-11	holiday
FR	2034-12-25	holiday
FR	2035-01-01	holiday
FR	2035-03-26	holiday
FR	2035-05-01	holiday
FR	2035-05-08	holiday
FR	2035-05-03	holiday
FR	2035-05-14	holiday
FR	2035-07-14	holiday
FR	2035-08-15	holiday
FR	2035-11-01	holiday
FR	2035-11-11	holiday
FR	2035-12-25	holiday
GB	2019-01-01	holiday
GB	2019-04-19	holiday
GB	2019-04-22	holiday
GB	2019-05-06	holiday
GB	2019-05-27	holiday
GB	2019-08-26	holiday
GB	2019-12-25	holiday
GB	2019-12-26	holiday
GB	2020-01-01	holiday
GB	2020-04-10	holiday
GB	2020-04-13	holiday
GB	2020-05-04	holiday
GB	2020-05-25	holiday
GB	2020-08-31	holiday
GB	2020-12-25	holiday
GB	2020-12-26	holiday
GB	2021-01-01	holiday
GB	2021-04-02	holiday
GB	2021-04-05	holiday
GB	2021-05-03	holiday
GB	2021-05-31	holiday
GB	2021-08-30	holiday
GB	2021-12-25	holiday
GB	2021-12-26	holiday
GB	2022-01-01	holiday
GB	2022-04-15	holiday
GB	2022-04-18	holiday
GB	2022-05-02	holiday
GB	2022-05-30	holiday
GB	2022-08-29	holiday
GB	2022-12-25	holiday
GB	2022-12-26	holiday
GB	2023-01-01	holiday
GB	2023-04-07	holiday
GB	2023-04-10	holiday
GB	2023-05-01	holiday
GB	2023-05-29	holiday
GB	2023-08-28	holiday
GB	2023-12-25	holiday
GB	2023-12-26	holiday
GB	2024-01-01	holiday
GB	2024-03-29	holiday
GB	2024-04-01	holiday
GB	2024-05-06	holiday
GB	2024-05-27	holiday
GB	2024-08-26	holiday
GB	2024-12-25	holiday
GB	2024-12-26	holiday
GB	2025-01-01	holiday
GB	2025-04-18	holiday
GB	2025-04-21	holiday
GB	2025-05-05	holiday
GB	2025-05-26	holiday
GB	2025-08-25	holiday
GB	2025-12-25	holiday
GB	2025-12-26	holiday
GB	2026-01-01	holiday
GB	2026-04-03	holiday
GB	2026-04-06	holiday
GB	2026-05-04	holiday
GB	2026-05-25	holiday
GB	2026-08-31	holiday
GB	2026-12-25	holiday
GB	2026-12-26	holiday
GB	2027-01-01	holiday
GB	2027-03-26	holiday
GB	2027-03-29	holiday
GB	2027-05-03	holiday
GB	2027-05-31	holiday
GB	2027-08-30	holiday
GB	2027-12-25	holiday
GB	2027-12-26	holiday
GB	2028-01-01	holiday
GB	2028-04-14	holiday
GB	2028-04-17	holiday
GB	2028-05-01	holiday
GB	2028-05-29	holiday
GB	2028-08-28	holiday
GB	2028-12-25	holiday
GB	2028-12-26	holiday
GB	2029-01-01	holiday
GB	2029-03-30	holiday
GB	2029-04-02	holiday
GB	2029-05-07	holiday
GB	2029-05-28	holiday
GB	2029-08-27	holiday
GB	2029-12-25	holiday
GB	2029-12-26	holiday
GB	2030-01-01	holiday
GB	2030-04-19	holiday
GB	2030-04-22	holiday
GB	2030-05-06	holiday
GB	2030-05-27	holiday
GB	2030-08-26	holiday
GB	2030-12-25	holiday
GB	2030-12-26	holiday
GB	2031-01-01	holiday
GB	2031-04-11	holiday
GB	2031-04-14	holiday
GB	2031-05-05	holiday
GB	2031-05-26	holiday
GB	2031-08-25	holiday
GB	2031-12-25	holiday
GB	2031-12-26	holiday
GB	2032-01-01	holiday
GB	2032-03-26	holiday
GB	2032-03-29	holiday
GB	2032-05-03	holiday
GB	2032-05-31	holiday
GB	2032-08-30	holiday
GB	2032-12-25	holiday
GB	2032-12-26	holiday
GB	2033-01-01	holiday
GB	2033-04-15	holiday
GB	2033-04-18	holiday
GB	2033-05-02	holiday
GB	2033-05-30	holiday
GB	2033-08-29	holiday
GB	2033-12-25	holiday
GB	2033-12-26	holiday
GB	2034-01-01	holiday
GB	2034-04-07	holiday
GB	2034-04-10	holiday
GB	2034-05-01	holiday
GB	2034-05-29	holiday
GB	2034-08-28	holiday
GB	2034-12-25	holiday
GB	2034-12-26	holiday
GB	2035-01-01	holiday
GB	2035-03-23	holiday
GB	2035-03-26	holiday
GB	2035-05-07	holiday
GB	2035-05-28	holiday
GB	2035-08-27	holiday
GB	2035-12-25	holiday
GB	2035-12-26	holiday
IE	2019-01-01	holiday
IE	2019-03-17	holiday
IE	2019-04-22	holiday
IE	2019-05-06	holiday
IE	2019-06-03	holiday
IE	2019-08-05	holiday
IE	2019-10-28	holiday
IE	2019-12-25	holiday
IE	2019-12-26	holiday
IE	2020-01-01	holiday
IE	2020-03-17	holiday
IE	2020-04-13	holiday
IE	2020-05-04	holiday
IE	2020-06-01	holiday
IE	2020-08-03	holiday
IE	2020-10-26	holiday
IE	2020-12-25	holiday
IE	2020-12-26	holiday
IE	2021-01-01	holiday
IE	2021-03-17	holiday
IE	2021-04-05	holiday
IE	2021-05-03	holiday
IE	2021-06-07	holiday
IE	2021-08-02	holiday
IE	2021-10-25	holiday
IE	2021-12-25	holiday
IE	2021-12-26	holiday
IE	2022-01-01	holiday
IE	2022-03-17	holiday
IE	2022-04-18	holiday
IE	2022-05-02	holiday
IE	2022-06-06	holiday
IE	2022-08-01	holiday
IE	2022-10-31	holiday
IE	2022-12-25	holiday
IE	2022-12-26	holiday
IE	2023-01-01	holiday
IE	2023-03-17	holiday
IE	2023-04-10	holiday
IE	2023-05-01	holiday
IE	2023-06-05	holiday
IE	2023-08-07	holiday
IE	2023-10-30	holiday
IE	2023-12-25	holiday
IE	2023-12-26	holiday
IE	2024-01-01	holiday
IE	2024-03-17	holiday
IE	2024-04-01	holiday
IE	2024-05-06	holiday
IE	2024-06-03	holiday
IE	2024-08-05	holiday
IE	2024-10-28	holiday
IE	2024-12-25	holiday
IE	2024-12-26	holiday
IE	2025-01-01	holiday
IE	2025-03-17	holiday
IE	2025-04-21	holiday
IE	2025-05-05	holiday
IE	2025-06-02	holiday
IE	2025-08-04	holiday
IE	2025-10-27	holiday
IE	2025-12-25	holiday
IE	2025-12-26	holiday
IE	2026-01-01	holiday
IE	2026-03-17	holiday
IE	2026-04-06	holiday
IE	2026-05-04	holiday
IE	2026-06-01	holiday
IE	2026-08-03	holiday
IE	2026-10-26	holiday
IE	2026-12-25	holiday
IE	2026-12-26	holiday
IE	2027-01-01	holiday
IE	2027-03-17	holiday
IE	2027-03-29	holiday
IE	2027-05-03	holiday
IE	2027-06-07	holiday
IE	2027-08-02	holiday
IE	2027-10-25	holiday
IE	2027-12-25	holiday
IE	2027-12-26	holiday
IE	2028-01-01	holiday
IE	2028-03-17	holiday
IE	2028-04-17	holiday
IE	2028-05-01	holiday
IE	2028-06-05	holiday
IE	2028-08-07	holiday
IE	2028-10-30	holiday
IE	2028-12-25	holiday
IE	2028-12-26	holiday
IE	2029-01-01	holiday
IE	2029-03-17	holiday
IE	2029-04-02	holiday
IE	2029-05-07	holiday
IE	2029-06-04	holiday
IE	2029-08-06	holiday
IE	2029-10-29	holiday
IE	2029-12-25	holiday
IE	2029-12-26	holiday
IE	2030-01-01	holiday
IE	2030-03-17	holiday
IE	2030-04-22	holiday
IE	2030-05-06	holiday
IE	2030-06-03	holiday
IE	2030-08-05	holiday
IE	2030-10-28	holiday
IE	2030-12-25	holiday
IE	2030-12-26	holiday
IE	2031-01-01	holiday
IE	2031-03-17	holiday
IE	2031-04-14	holiday
IE	2031-05-05	holiday
IE	2031-06-02	holiday
IE	2031-08-04	holiday
IE	2031-10-27	holiday
IE	2031-12-25	holiday
IE	2031-12-26	holiday
IE	2032-01-01	holiday
IE	2032-03-17	holiday
IE	2032-03-29	holiday
IE	2032-05-03	holiday
IE	2032-06-07	holiday
IE	2032-08-02	holiday
IE	2032-10-25	holiday
IE	2032-12-25	holiday
IE	2032-12-26	holiday
IE	2033-01-01	holiday
IE	2033-03-17	holiday
IE	2033-04-18	holiday
IE	2033-05-02	holiday
IE	2033-06-06	holiday
IE	2033-08-01	holiday
IE	2033-10-31	holiday
IE	2033-12-25	holiday
IE	2033-12-26	holiday
IE	2034-01-01	holiday
IE	2034-03-17	holiday
IE	2034-04-10	holiday
IE	2034-05-01	holiday
IE	2034-06-05	holiday
IE	2034-08-07	holiday
IE	2034-10-30	holiday
IE	2034-12-25	holiday
IE	2034-12-26	holiday
IE	2035-01-01	holiday
IE	2035-03-17	holiday
IE	2035-03-26	holiday
IE	2035-05-07	holiday
IE	2035-06-04	holiday
IE	2035-08-06	holiday
IE	2035-10-29	holiday
IE	2035-12-25	holiday
IE	2035-12-26	holiday
IN	2019-01-26	holiday
IN	2019-08-15	holiday
IN	2019-10-02	holiday
IN	2020-01-26	holiday
IN	2020-08-15	holiday
IN	2020-10-02	holiday
IN	2021-01-26	holiday
IN	2021-08-15	holiday
IN	2021-10-02	holiday
IN	2022-01-26	holiday
IN	2022-08-15	holiday
IN	2022-10-02	holiday
IN	2023-01-26	holiday
IN	2023-08-15	holiday
IN	2023-10-02	holiday
IN	2024-01-26	holiday
IN	2024-08-15	holiday
IN	2024-10-02	holiday
IN	2025-01-26	holiday
IN	2025-08-15	holiday
IN	2025-10-02	holiday
IN	2026-01-26	holiday
IN	2026-08-15	holiday
IN	2026-10-02	holiday
IN	2027-01-26	holiday
IN	2027-08-15	holiday
IN	2027-10-02	holiday
IN	2028-01-26	holiday
IN	2028-08-15	holiday
IN	2028-10-02	holiday
IN	2029-01-26	holiday
IN	2029-08-15	holiday
IN	2029-10-02	holiday
IN	2030-01-26	holiday
IN	2030-08-15	holiday
IN	2030-10-02	holiday
IN	2031-01-26	holiday
IN	2031-08-15	holiday
IN	2031-10-02	holiday
IN	2032-01-26	holiday
IN	2032-08-15	holiday
IN	2032-10-02	holiday
IN	2033-01-26	holiday
IN	2033-08-15	holiday
IN	2033-10-02	holiday
IN	2034-01-26	holiday
IN	2034-08-15	holiday
IN	2034-10-02	holiday
IN	2035-01-26	holiday
IN	2035-08-15	holiday
IN	2035-10-02	holiday
IT	2019-01-01	holiday
IT	2019-01-06	holiday
IT	2019-04-22	holiday
IT	2019-04-25	holiday
IT	2019-05-01	holiday
IT	2019-06-02	holiday
IT	2019-08-15	holiday
IT	2019-11-01	holiday
IT	2019-12-08	holiday
IT	2019-12-25	holiday
IT	2019-12-26	holiday
IT	2020-01-01	holiday
IT	2020-01-06	holiday
IT	2020-04-13	holiday
IT	2020-04-25	holiday
IT	2020-05-01	holiday
IT	2020-06-02	holiday
IT	2020-08-15	holiday
IT	2020-11-01	holiday
IT	2020-12-08	holiday
IT	2020-12-25	holiday
IT	2020-12-26	holiday
IT	2021-01-01	holiday
IT	2021-01-06	holiday
IT	2021-04-05	holiday
IT	2021-04-25	holiday
IT	2021-05-01	holiday
IT	2021-06-02	holiday
IT	2021-08-15	holiday
IT	2021-11-01	holiday
IT	2021-12-08	holiday
IT	2021-12-25	holiday
IT	2021-12-26	holiday
IT	2022-01-01	holiday
IT	2022-01-06	holiday
IT	2022-04-18	holiday
IT	2022-04-25	holiday
IT	2022-05-01	holiday
IT	2022-06-02	holiday
IT	2022-08-15	holiday
IT	2022-11-01	holiday
IT	2022-12-08	holiday
IT	2022-12-25	holiday
IT	2022-12-26	holiday
IT	2023-01-01	holiday
IT	2023-01-06	holiday
IT	2023-04-10	holiday
IT	2023-04-25	holiday
IT	2023-05-01	holiday
IT	2023-06-02	holiday
IT	2023-08-15	holiday
IT	2023-11-01	holiday
IT	2023-12-08	holiday
IT	2023-12-25	holiday
IT	2023-12-26	holiday
IT	2024-01-01	holiday
IT	2024-01-06	holiday
IT	2024-04-01	holiday
IT	2024-04-25	holiday
IT	2024-05-01	holiday
IT	2024-06-02	holiday
IT	2024-08-15	holiday
IT	2024-11-01	holiday
IT	2024-12-08	holiday
IT	2024-12-25	holiday
IT	2024-12-26	holiday
IT	2025-01-01	holiday
IT	2025-01-06	holiday
IT	2025-04-21	holiday
IT	2025-04-25	holiday
IT	2025-05-01	holiday
IT	2025-06-02	holiday
IT	2025-08-15	holiday
IT	2025-11-01	holiday
IT	2025-12-08	holiday
IT	2025-12-25	holiday
IT	2025-12-26	holiday
IT	2026-01-01	holiday
IT	2026-01-06	holiday
IT	2026-04-06	holiday
IT	2026-04-25	holiday
IT	2026-05-01	holiday
IT	2026-06-02	holiday
IT	2026-08-15	holiday
IT	2026-11-01	holiday
IT	2026-12-08	holiday
IT	2026-12-25	holiday
IT	2026-12-26	holiday
IT	2027-01-01	holiday
IT	2027-01-06	holiday
IT	2027-03-29	holiday
IT	2027-04-25	holiday
IT	2027-05-01	holiday
IT	2027-06-02	holiday
IT	2027-08-15	holiday
IT	2027-11-01	holiday
IT	2027-12-08	holiday
IT	2027-12-25	holiday
IT	2027-12-26	holiday
IT	2028-01-01	holiday
IT	2028-01-06	holiday
IT	2028-04-17	holiday
IT	2028-04-25	holiday
IT	2028-05-01	holiday
IT	2028-06-02	holiday
IT	2028-08-15	holiday
IT	2028-11-01	holiday
IT	2028-12-08	holiday
IT	2028-12-25	holiday
IT	2028-12-26	holiday
IT	2029-01-01	holiday
IT	2029-01-06	holiday
IT	2029-04-02	holiday
IT	2029-04-25	holiday
IT	2029-05-01	holiday
IT	2029-06-02	holiday
IT	2029-08-15	holiday
IT	2029-11-01	holiday
IT	2029-12-08	holiday
IT	2029-12-25	holiday
IT	2029-12-26	holiday
IT	2030-01-01	holiday
IT	2030-01-06	holiday
IT	2030-04-22	holiday
IT	2030-04-25	holiday
IT	2030-05-01	holiday
IT	2030-06-02	holiday
IT	2030-08-15	holiday
IT	2030-11-01	holiday
IT	2030-12-08	holiday
IT	2030-12-25	holiday
IT	2030-12-26	holiday
IT	2031-01-01	holiday
IT	2031-01-06	holiday
IT	2031-04-14	holiday
IT	2031-04-25	holiday
IT	2031-05-01	holiday
IT	2031-06-02	holiday
IT	2031-08-15	holiday
IT	2031-11-01	holiday
IT	2031-12-08	holiday
IT	2031-12-25	holiday
IT	2031-12-26	holiday
IT	2032-01-01	holiday
IT	2032-01-06	holiday
IT	2032-03-29	holiday
IT	2032-04-25	holiday
IT	2032-05-01	holiday
IT	2032-06-02	holiday
IT	2032-08-15	holiday
IT	2032-11-01	holiday
IT	2032-12-08	holiday
IT	2032-12-25	holiday
IT	2032-12-26	holiday
IT	2033-01-01	holiday
IT	2033-01-06	holiday
IT	2033-04-18	holiday
IT	2033-04-25	holiday
IT	2033-05-01	holiday
IT	2033-06-02	holiday
IT	2033-08-15	holiday
IT	2033-11-01	holiday
IT	2033-12-08	holiday
IT	2033-12-25	holiday
IT	2033-12-26	holiday
IT	2034-01-01	holiday
IT	2034-01-06	holiday
IT	2034-04-10	holiday
IT	2034-04-25	holiday
IT	2034-05-01	holiday
IT	2034-06-02	holiday
IT	2034-08-15	holiday
IT	2034-11-01	holiday
IT	2034-12-08	holiday
IT	2034-12-25	holiday
IT	2034-12-26	holiday
IT	2035-01-01	holiday
IT	2035-01-06	holiday
IT	2035-03-26	holiday
IT	2035-04-25	holiday
IT	2035-05-01	holiday
IT	2035-06-02	holiday
IT	2035-08-15	holiday
IT	2035-11-01	holiday
IT	2035-12-08	holiday
IT	2035-12-25	holiday
IT	2035-12-26	holiday
JP	2019-01-01	holiday
JP	2019-01-14	holiday
JP	2019-02-11	holiday
JP	2019-02-23	holiday
JP	2019-03-21	holiday
JP	2019-04-29	holiday
JP	2019-05-03	holiday
JP	2019-05-04	holiday
JP	2019-05-05	holiday
JP	2019-07-15	holiday
JP	2019-08-11	holiday
JP	2019-09-16	holiday
JP	2019-09-23	holiday
JP	2019-10-14	holiday
JP	2019-11-03	holiday
JP	2019-11-23	holiday
JP	2020-01-01	holiday
JP	2020-01-13	holiday
JP	2020-02-11	holiday
JP	2020-02-23	holiday
JP	2020-03-20	holiday
JP	2020-04-29	holiday
JP	2020-05-03	holiday
JP	2020-05-04	holiday
JP	2020-05-05	holiday
JP	2020-07-20	holiday
JP	2020-08-11	holiday
JP	2020-09-21	holiday
JP	2020-09-22	holiday
JP	2020-10-12	holiday
JP	2020-11-03	holiday
JP	2020-11-23	holiday
JP	2021-01-01	holiday
JP	2021-01-11	holiday
JP	2021-02-11	holiday
JP	2021-02-23	holiday
JP	2021-03-20	holiday
JP	2021-04-29	holiday
JP	2021-05-03	holiday
JP	2021-05-04	holiday
JP	2021-05-05	holiday
JP	2021-07-19	holiday
JP	2021-08-11	holiday
JP	2021-09-20	holiday
JP	2021-09-23	holiday
JP	2021-10-11	holiday
JP	2021-11-03	holiday
JP	2021-11-23	holiday
JP	2022-01-01	holiday
JP	2022-01-10	holiday
JP	2022-02-11	holiday
JP	2022-02-23	holiday
JP	2022-03-21	holiday
JP	2022-04-29	holiday
JP	2022-05-03	holiday
JP	2022-05-04	holiday
JP	2022-05-05	holiday
JP	2022-07-18	holiday
JP	2022-08-11	holiday
JP	2022-09-19	holiday
JP	2022-09-23	holiday
JP	2022-10-10	holiday
JP	2022-11-03	holiday
JP	2022-11-23	holiday
JP	2023-01-01	holiday
JP	2023-01-09	holiday
JP	2023-02-11	holiday
JP	2023-02-23	holiday
JP	2023-03-21	holiday
JP	2023-04-29	holiday
JP	2023-05-03	holiday
JP	2023-05-04	holiday
JP	2023-05-05	holiday
JP	2023-07-17	holiday
JP	2023-08-11	holiday
JP	2023-09-18	holiday
JP	2023-09-23	holiday
JP	2023-10-09	holiday
JP	2023-11-03	holiday
JP	2023-11-23	holiday
JP	2024-01-01	holiday
JP	2024-01-08	holiday
JP	2024-02-11	holiday
JP	2024-02-23	holiday
JP	2024-03-20	holiday
JP	2024-04-29	holiday
JP	2024-05-03	holiday
JP	2024-05-04	holiday
JP	2024-05-05	holiday
JP	2024-07-15	holiday
JP	2024-08-11	holiday
JP	2024-09-16	holiday
JP	2024-09-22	holiday
JP	2024-10-14	holiday
JP	2024-11-03	holiday
JP	2024-11-23	holiday
JP	2025-01-01	holiday
JP	2025-01-13	holiday
JP	2025-02-11	holiday
JP	2025-02-23	holiday
JP	2025-03-20	holiday
JP	2025-04-29	holiday
JP	2025-05-03	holiday
JP	2025-05-04	holiday
JP	2025-05-05	holiday
JP	2025-07-21	holiday
JP	2025-08-11	holiday
JP	2025-09-15	holiday
JP	2025-09-23	holiday
JP	2025-10-13	holiday
JP	2025-11-03	holiday
JP	2025-11-23	holiday
JP	2026-01-01	holiday
JP	2026-01-12	holiday
JP	2026-02-11	holiday
JP	2026-02-23	holiday
JP	2026-03-20	holiday
JP	2026-04-29	holiday
JP	2026-05-03	holiday
JP	2026-05-04	holiday
JP	2026-05-05	holiday
JP	2026-07-20	holiday
JP	2026-08-11	holiday
JP	2026-09-21	holiday
JP	2026-09-23	holiday
JP	2026-10-12	holiday
JP	2026-11-03	holiday
JP	2026-11-23	holiday
JP	2027-01-01	holiday
JP	2027-01-11	holiday
JP	2027-02-11	holiday
JP	2027-02-23	holiday
JP	2027-03-21	holiday
JP	2027-04-29	holiday
JP	2027-05-03	holiday
JP	2027-05-04	holiday
JP	2027-05-05	holiday
JP	2027-07-19	holiday
JP	2027-08-11	holiday
JP	2027-09-20	holiday
JP	2027-09-23	holiday
JP	2027-10-11	holiday
JP	2027-11-03	holiday
JP	2027-11-23	holiday
JP	2028-01-01	holiday
JP	2028-01-10	holiday
JP	2028-02-11	holiday
JP	2028-02-23	holiday
JP	2028-03-20	holiday
JP	2028-04-29	holiday
JP	2028-05-03	holiday
JP	2028-05-04	holiday
JP	2028-05-05	holiday
JP	2028-07-17	holiday
JP	2028-08-11	holiday
JP	2028-09-18	holiday
JP	2028-09-22	holiday
JP	2028-10-09	holiday
JP	2028-11-03	holiday
JP	2028-11-23	holiday
JP	2029-01-01	holiday
JP	2029-01-08	holiday
JP	2029-02-11	holiday
JP	2029-02-23	holiday
JP	2029-03-20	holiday
JP	2029-04-29	holiday
JP	2029-05-03	holiday
JP	2029-05-04	holiday
JP	2029-05-05	holiday
JP	2029-07-16	holiday
JP	2029-08-11	holiday
JP	2029-09-17	holiday
JP	2029-09-23	holiday
JP	2029-10-08	holiday
JP	2029-11-03	holiday
JP	2029-11-23	holiday
JP	2030-01-01	holiday
JP	2030-01-14	holiday
JP	2030-02-11	holiday
JP	2030-02-23	holiday
JP	2030-03-20	holiday
JP	2030-04-29	holiday
JP	2030-05-03	holiday
JP	2030-05-04	holiday
JP	2030-05-05	holiday
JP	2030-07-15	holiday
JP	2030-08-11	holiday
JP	2030-09-16	holiday
JP	2030-09-23	holiday
JP	2030-10-14	holiday
JP	2030-11-03	holiday
JP	2030-11-23	holiday
JP	2031-01-01	holiday
JP	2031-01-13	holiday
JP	2031-02-11	holiday
JP	2031-02-23	holiday
JP	2031-03-21	holiday
JP	2031-04-29	holiday
JP	2031-05-03	holiday
JP	2031-05-04	holiday
JP	2031-05-05	holiday
JP	2031-07-21	holiday
JP	2031-08-11	holiday
JP	2031-09-15	holiday
JP	2031-09-23	holiday
JP	2031-10-13	holiday
JP	2031-11-03	holiday
JP	2031-11-23	holiday
JP	2032-01-01	holiday
JP	2032-01-12	holiday
JP	2032-02-11	holiday
JP	2032-02-23	holiday
JP	2032-03-20	holiday
JP	2032-04-29	holiday
JP	2032-05-03	holiday
JP	2032-05-04	holiday
JP	2032-05-05	holiday
JP	2032-07-19	holiday
JP	2032-08-11	holiday
JP	2032-09-20	holiday
JP	2032-09-22	holiday
JP	2032-10-11	holiday
JP	2032-11-03	holiday
JP	2032-11-23	holiday
JP	2033-01-01	holiday
JP	2033-01-10	holiday
JP	2033-02-11	holiday
JP	2033-02-23	holiday
JP	2033-03-20	holiday
JP	2033-04-29	holiday
JP	2033-05-03	holiday
JP	2033-05-04	holiday
JP	2033-05-05	holiday
JP	2033-07-18	holiday
JP	2033-08-11	holiday
JP	2033-09-19	holiday
JP	2033-09-23	holiday
JP	2033-10-10	holiday
JP	2033-11-03	holiday
JP	2033-11-23	holiday
JP	2034-01-01	holiday
JP	2034-01-09	holiday
JP	2034-02-11	holiday
JP	2034-02-23	holiday
JP	2034-03-20	holiday
JP	2034-04-29	holiday
JP	2034-05-03	holiday
JP	2034-05-04	holiday
JP	2034-05-05	holiday
JP	2034-07-17	holiday
JP	2034-08-11	holiday
JP	2034-09-18	holiday
JP	2034-09-23	holiday
JP	2034-10-09	holiday
JP	2034-11-03	holiday
JP	2034-11-23	holiday
JP	2035-01-01	holiday
JP	2035-01-08	holiday
JP	2035-02-11	holiday
JP	2035-02-23	holiday
JP	2035-03-21	holiday
JP	2035-04-29	holiday
JP	2035-05-03	holiday
JP	2035-05-04	holiday
JP	2035-05-05	holiday
JP	2035-07-16	holiday
JP	2035-08-11	holiday
JP	2035-09-17	holiday
JP	2035-09-23	holiday
JP	2035-10-08	holiday
JP	2035-11-03	holiday
JP	2035-11-23	holiday
KR	2019-01-01	holiday
KR	2019-03-01	holiday
KR	2019-05-05	holiday
KR	2019-06-06	holiday
KR	2019-08-15	holiday
KR	2019-10-03	holiday
KR	2019-10-09	holiday
KR	2019-12-25	holiday
KR	2020-01-01	holiday
KR	2020-03-01	holiday
KR	2020-05-05	holiday
KR	2020-06-06	holiday
KR	2020-08-15	holiday
KR	2020-10-03	holiday
KR	2020-10-09	holiday
KR	2020-12-25	holiday
KR	2021-01-01	holiday
KR	2021-03-01	holiday
KR	2021-05-05	holiday
KR	2021-06-06	holiday
KR	2021-08-15	holiday
KR	2021-10-03	holiday
KR	2021-10-09	holiday
KR	2021-12-25	holiday
KR	2022-01-01	holiday
KR	2022-03-01	holiday
KR	2022-05-05	holiday
KR	2022-06-06	holiday
KR	2022-08-15	holiday
KR	2022-10-03	holiday
KR	2022-10-09	holiday
KR	2022-12-25	holiday
KR	2023-01-01	holiday
KR	2023-03-01	holiday
KR	2023-05-05	holiday
KR	2023-06-06	holiday
KR	2023-08-15	holiday
KR	2023-10-03	holiday
KR	2023-10-09	holiday
KR	2023-12-25	holiday
KR	2024-01-01	holiday
KR	2024-03-01	holiday
KR	2024-05-05	holiday
KR	2024-06-06	holiday
KR	2024-08-15	holiday
KR	2024-10-03	holiday
KR	2024-10-09	holiday
KR	2024-12-25	holiday
KR	2025-01-01	holiday
KR	2025-03-01	holiday
KR	2025-05-05	holiday
KR	2025-06-06	holiday
KR	2025-08-15	holiday
KR	2025-10-03	holiday
KR	2025-10-09	holiday
KR	2025-12-25	holiday
KR	2026-01-01	holiday
KR	2026-03-01	holiday
KR	2026-05-05	holiday
KR	2026-06-06	holiday
KR	2026-08-15	holiday
KR	2026-10-03	holiday
KR	2026-10-09	holiday
KR	2026-12-25	holiday
KR	2027-01-01	holiday
KR	2027-03-01	holiday
KR	2027-05-05	holiday
KR	2027-06-06	holiday
KR	2027-08-15	holiday
KR	2027-10-03	holiday
KR	2027-10-09	holiday
KR	2027-12-25	holiday
KR	2028-01-01	holiday
KR	2028-03-01	holiday
KR	2028-05-05	holiday
KR	2028-06-06	holiday
KR	2028-08-15	holiday
KR	2028-10-03	holiday
KR	2028-10-09	holiday
KR	2028-12-25	holiday
KR	2029-01-01	holiday
KR	2029-03-01	holiday
KR	2029-05-05	holiday
KR	2029-06-06	holiday
KR	2029-08-15	holiday
KR	2029-10-03	holiday
KR	2029-10-09	holiday
KR	2029-12-25	holiday
KR	2030-01-01	holiday
KR	2030-03-01	holiday
KR	2030-05-05	holiday
KR	2030-06-06	holiday
KR	2030-08-15	holiday
KR	2030-10-03	holiday
KR	2030-10-09	holiday
KR	2030-12-25	holiday
KR	2031-01-01	holiday
KR	2031-03-01	holiday
KR	2031-05-05	holiday
KR	2031-06-06	holiday
KR	2031-08-15	holiday
KR	2031-10-03	holiday
KR	2031-10-09	holiday
KR	2031-12-25	holiday
KR	2032-01-01	holiday
KR	2032-03-01	holiday
KR	2032-05-05	holiday
KR	2032-06-06	holiday
KR	2032-08-15	holiday
KR	2032-10-03	holiday
KR	2032-10-09	holiday
KR	2032-12-25	holiday
KR	2033-01-01	holiday
KR	2033-03-01	holiday
KR	2033-05-05	holiday
KR	2033-06-06	holiday
KR	2033-08-15	holiday
KR	2033-10-03	holiday
KR	2033-10-09	holiday
KR	2033-12-25	holiday
KR	2034-01-01	holiday
KR	2034-03-01	holiday
KR	2034-05-05	holiday
KR	2034-06-06	holiday
KR	2034-08-15	holiday
KR	2034-10-03	holiday
KR	2034-10-09	holiday
KR	2034-12-25	holiday
KR	2035-01-01	holiday
KR	2035-03-01	holiday
KR	2035-05-05	holiday
KR	2035-06-06	holiday
KR	2035-08-15	holiday
KR	2035-10-03	holiday
KR	2035-10-09	holiday
KR	2035-12-25	holiday
MX	2019-01-01	holiday
MX	2019-02-04	holiday
MX	2019-03-18	holiday
MX	2019-05-01	holiday
MX	2019-09-16	holiday
MX	2019-11-18	holiday
MX	2019-12-25	holiday
MX	2020-01-01	holiday
MX	2020-02-03	holiday
MX	2020-03-16	holiday
MX	2020-05-01	holiday
MX	2020-09-16	holiday
MX	2020-11-16	holiday
MX	2020-12-25	holiday
MX	2021-01-01	holiday
MX	2021-02-01	holiday
MX	2021-03-15	holiday
MX	2021-05-01	holiday
MX	2021-09-16	holiday
MX	2021-11-15	holiday
MX	2021-12-25	holiday
MX	2022-01-01	holiday
MX	2022-02-07	holiday
MX	2022-03-21	holiday
MX	2022-05-01	holiday
MX	2022-09-16	holiday
MX	2022-11-21	holiday
MX	2022-12-25	holiday
MX	2023-01-01	holiday
MX	2023-02-06	holiday
MX	2023-03-20	holiday
MX	2023-05-01	holiday
MX	2023-09-16	holiday
MX	2023-11-20	holiday
MX	2023-12-25	holiday
MX	2024-01-01	holiday
MX	2024-02-05	holiday
MX	2024-03-18	holiday
MX	2024-05-01	holiday
MX	2024-09-16	holiday
MX	2024-11-18	holiday
MX	2024-12-25	holiday
MX	2025-01-01	holiday
MX	2025-02-03	holiday
MX	2025-03-17	holiday
MX	2025-05-01	holiday
MX	2025-09-16	holiday
MX	2025-11-17	holiday
MX	2025-12-25	holiday
MX	2026-01-01	holiday
MX	2026-02-02	holiday
MX	2026-03-16	holiday
MX	2026-05-01	holiday
MX	2026-09-16	holiday
MX	2026-11-16	holiday
MX	2026-12-25	holiday
MX	2027-01-01	holiday
MX	2027-02-01	holiday
MX	2027-03-15	holiday
MX	2027-05-01	holiday
MX	2027-09-16	holiday
MX	2027-11-15	holiday
MX	2027-12-25	holiday
MX	2028-01-01	holiday
MX	2028-02-07	holiday
MX	2028-03-20	holiday
MX	2028-05-01	holiday
MX	2028-09-16	holiday
MX	2028-11-20	holiday
MX	2028-12-25	holiday
MX	2029-01-01	holiday
MX	2029-02-05	holiday
MX	2029-03-19	holiday
MX	2029-05-01	holiday
MX	2029-09-16	holiday
MX	2029-11-19	holiday
MX	2029-12-25	holiday
MX	2030-01-01	holiday
MX	2030-02-04	holiday
MX	2030-03-18	holiday
MX	2030-05-01	holiday
MX	2030-09-16	holiday
MX	2030-11-18	holiday
MX	2030-12-25	holiday
MX	2031-01-01	holiday
MX	2031-02-03	holiday
MX	2031-03-17	holiday
MX	2031-05-01	holiday
MX	2031-09-16	holiday
MX	2031-11-17	holiday
MX	2031-12-25	holiday
MX	2032-01-01	holiday
MX	2032-02-02	holiday
MX	2032-03-15	holiday
MX	2032-05-01	holiday
MX	2032-09-16	holiday
MX	2032-11-15	holiday
MX	2032-12-25	holiday
MX	2033-01-01	holiday
MX	2033-02-07	holiday
MX	2033-03-21	holiday
MX	2033-05-01	holiday
MX	2033-09-16	holiday
MX	2033-11-21	holiday
MX	2033-12-25	holiday
MX	2034-01-01	holiday
MX	2034-02-06	holiday
MX	2034-03-20	holiday
MX	2034-05-01	holiday
MX	2034-09-16	holiday
MX	2034-11-20	holiday
MX	2034-12-25	holiday
MX	2035-01-01	holiday
MX	2035-02-05	holiday
MX	2035-03-19	holiday
MX	2035-05-01	holiday
MX	2035-09-16	holiday
MX	2035-11-19	holiday
MX	2035-12-25	holiday
NL	2019-01-01	holiday
NL	2019-04-19	holiday
NL	2019-04-22	holiday
NL	2019-04-27	holiday
NL	2019-05-30	holiday
NL	2019-06-10	holiday
NL	2019-12-25	holiday
NL	2019-12-26	holiday
NL	2020-01-01	holiday
NL	2020-04-10	holiday
NL	2020-04-13	holiday
NL	2020-04-27	holiday
NL	2020-05-21	holiday
NL	2020-06-01	holiday
NL	2020-12-25	holiday
NL	2020-12-26	holiday
NL	2021-01-01	holiday
NL	2021-04-02	holiday
NL	2021-04-05	holiday
NL	2021-04-27	holiday
NL	2021-05-13	holiday
NL	2021-05-24	holiday
NL	2021-12-25	holiday
NL	2021-12-26	holiday
NL	2022-01-01	holiday
NL	2022-04-15	holiday
NL	2022-04-18	holiday
NL	2022-04-27	holiday
NL	2022-05-26	holiday
NL	2022-06-06	holiday
NL	2022-12-25	holiday
NL	2022-12-26	holiday
NL	2023-01-01	holiday
NL	2023-04-07	holiday
NL	2023-04-10	holiday
NL	2023-04-27	holiday
NL	2023-05-18	holiday
NL	2023-05-29	holiday
NL	2023-12-25	holiday
NL	2023-12-26	holiday
NL	2024-01-01	holiday
NL	2024-03-29	holiday
NL	2024-04-01	holiday
NL	2024-04-27	holiday
NL	2024-05-09	holiday
NL	2024-05-20	holiday
NL	2024-12-25	holiday
NL	2024-12-26	holiday
NL	2025-01-01	holiday
NL	2025-04-18	holiday
NL	2025-04-21	holiday
NL	2025-04-27	holiday
NL	2025-05-29	holiday
NL	2025-06-09	holiday
NL	2025-12-25	holiday
NL	2025-12-26	holiday
NL	2026-01-01	holiday
NL	2026-04-03	holiday
NL	2026-04-06	holiday
NL	2026-04-27	holiday
NL	2026-05-14	holiday
NL	2026-05-25	holiday
NL	2026-12-25	holiday
NL	2026-12-26	holiday
NL	2027-01-01	holiday
NL	2027-03-26	holiday
NL	2027-03-29	holiday
NL	2027-04-27	holiday
NL	2027-05-06	holiday
NL	2027-05-17	holiday
NL	2027-12-25	holiday
NL	2027-12-26	holiday
NL	2028-01-01	holiday
NL	2028-04-14	holiday
NL	2028-04-17	holiday
NL	2028-04-27	holiday
NL	2028-05-25	holiday
NL	2028-06-05	holiday
NL	2028-12-25	holiday
NL	2028-12-26	holiday
NL	2029-01-01	holiday
NL	2029-03-30	holiday
NL	2029-04-02	holiday
NL	2029-04-27	holiday
NL	2029-05-10	holiday
NL	2029-05-21	holiday
NL	2029-12-25	holiday
NL	2029-12-26	holiday
NL	2030-01-01	holiday
NL	2030-04-19	holiday
NL	2030-04-22	holiday
NL	2030-04-27	holiday
NL	2030-05-30	holiday
NL	2030-06-10	holiday
NL	2030-12-25	holiday
NL	2030-12-26	holiday
NL	2031-01-01	holiday
NL	2031-04-11	holiday
NL	2031-04-14	holiday
NL	2031-04-27	holiday
NL	2031-05-22	holiday
NL	2031-06-02	holiday
NL	2031-12-25	holiday
NL	2031-12-26	holiday
NL	2032-01-01	holiday
NL	2032-03-26	holiday
NL	2032-03-29	holiday
NL	2032-04-27	holiday
NL	2032-05-06	holiday
NL	2032-05-17	holiday
NL	2032-12-25	holiday
NL	2032-12-26	holiday
NL	2033-01-01	holiday
NL	2033-04-15	holiday
NL	2033-04-18	holiday
NL	2033-04-27	holiday
NL	2033-05-26	holiday
NL	2033-06-06	holiday
NL	2033-12-25	holiday
NL	2033-12-26	holiday
NL	2034-01-01	holiday
NL	2034-04-07	holiday
NL	2034-04-10	holiday
NL	2034-04-27	holiday
NL	2034-05-18	holiday
NL	2034-05-29	holiday
NL	2034-12-25	holiday
NL	2034-12-26	holiday
NL	2035-01-01	holiday
NL	2035-03-23	holiday
NL	2035-03-26	holiday
NL	2035-04-27	holiday
NL	2035-05-03	holiday
NL	2035-05-14	holiday
NL	2035-12-25	holiday
NL	2035-12-26	holiday
NZ	2019-01-01	holiday
NZ	2019-01-02	holiday
NZ	2019-02-06	holiday
NZ	2019-04-19	holiday
NZ	2019-04-22	holiday
NZ	2019-04-25	holiday
NZ	2019-06-03	holiday
NZ	2019-10-28	holiday
NZ	2019-12-25	holiday
NZ	2019-12-26	holiday
NZ	2020-01-01	holiday
NZ	2020-01-02	holiday
NZ	2020-02-06	holiday
NZ	2020-04-10	holiday
NZ	2020-04-13	holiday
NZ	2020-04-25	holiday
NZ	2020-06-01	holiday
NZ	2020-10-26	holiday
NZ	2020-12-25	holiday
NZ	2020-12-26	holiday
NZ	2021-01-01	holiday
NZ	2021-01-02	holiday
NZ	2021-02-06	holiday
NZ	2021-04-02	holiday
NZ	2021-04-05	holiday
NZ	2021-04-25	holiday
NZ	2021-06-07	holiday
NZ	2021-10-25	holiday
NZ	2021-12-25	holiday
NZ	2021-12-26	holiday
NZ	2022-01-01	holiday
NZ	2022-01-02	holiday
NZ	2022-02-06	holiday
NZ	2022-04-15	holiday
NZ	2022-04-18	holiday
NZ	2022-04-25	holiday
NZ	2022-06-06	holiday
NZ	2022-10-24	holiday
NZ	2022-12-25	holiday
NZ	2022-12-26	holiday
NZ	2023-01-01	holiday
NZ	2023-01-02	holiday
NZ	2023-02-06	holiday
NZ	2023-04-07	holiday
NZ	2023-04-10	holiday
NZ	2023-04-25	holiday
NZ	2023-06-05	holiday
NZ	2023-10-23	holiday
NZ	2023-12-25	holiday
NZ	2023-12-26	holiday
NZ	2024-01-01	holiday
NZ	2024-01-02	holiday
NZ	2024-02-06	holiday
NZ	2024-03-29	holiday
NZ	2024-04-01	holiday
NZ	2024-04-25	holiday
NZ	2024-06-03	holiday
NZ	2024-10-28	holiday
NZ	2024-12-25	holiday
NZ	2024-12-26	holiday
NZ	2025-01-01	holiday
NZ	2025-01-02	holiday
NZ	2025-02-06	holiday
NZ	2025-04-18	holiday
NZ	2025-04-21	holiday
NZ	2025-04-25	holiday
NZ	2025-06-02	holiday
NZ	2025-10-27	holiday
NZ	2025-12-25	holiday
NZ	2025-12-26	holiday
NZ	2026-01-01	holiday
NZ	2026-01-02	holiday
NZ	2026-02-06	holiday
NZ	2026-04-03	holiday
NZ	2026-04-06	holiday
NZ	2026-04-25	holiday
NZ	2026-06-01	holiday
NZ	2026-10-26	holiday
NZ	2026-12-25	holiday
NZ	2026-12-26	holiday
NZ	2027-01-01	holiday
NZ	2027-01-02	holiday
NZ	2027-02-06	holiday
NZ	2027-03-26	holiday
NZ	2027-03-29	holiday
NZ	2027-04-25	holiday
NZ	2027-06-07	holiday
NZ	2027-10-25	holiday
NZ	2027-12-25	holiday
NZ	2027-12-26	holiday
NZ	2028-01-01	holiday
NZ	2028-01-02	holiday
NZ	2028-02-06	holiday
NZ	2028-04-14	holiday
NZ	2028-04-17	holiday
NZ	2028-04-25	holiday
NZ	2028-06-05	holiday
NZ	2028-10-23	holiday
NZ	2028-12-25	holiday
NZ	2028-12-26	holiday
NZ	2029-01-01	holiday
NZ	2029-01-02	holiday
NZ	2029-02-06	holiday
NZ	2029-03-30	holiday
NZ	2029-04-02	holiday
NZ	2029-04-25	holiday
NZ	2029-06-04	holiday
NZ	2029-10-22	holiday
NZ	2029-12-25	holiday
NZ	2029-12-26	holiday
NZ	2030-01-01	holiday
NZ	2030-01-02	holiday
NZ	2030-02-06	holiday
NZ	2030-04-19	holiday
NZ	2030-04-22	holiday
NZ	2030-04-25	holiday
NZ	2030-06-03	holiday
NZ	2030-10-28	holiday
NZ	2030-12-25	holiday
NZ	2030-12-26	holiday
NZ	2031-01-01	holiday
NZ	2031-01-02	holiday
NZ	2031-02-06	holiday
NZ	2031-04-11	holiday
NZ	2031-04-14	holiday
NZ	2031-04-25	holiday
NZ	2031-06-02	holiday
NZ	2031-10-27	holiday
NZ	2031-12-25	holiday
NZ	2031-12-26	holiday
NZ	2032-01-01	holiday
NZ	2032-01-02	holiday
NZ	2032-02-06	holiday
NZ	2032-03-26	holiday
NZ	2032-03-29	holiday
NZ	2032-04-25	holiday
NZ	2032-06-07	holiday
NZ	2032-10-25	holiday
NZ	2032-12-25	holiday
NZ	2032-12-26	holiday
NZ	2033-01-01	holiday
NZ	2033-01-02	holiday
NZ	2033-02-06	holiday
NZ	2033-04-15	holiday
NZ	2033-04-18	holiday
NZ	2033-04-25	holiday
NZ	2033-06-06	holiday
NZ	2033-10-24	holiday
NZ	2033-12-25	holiday
NZ	2033-12-26	holiday
NZ	2034-01-01	holiday
NZ	2034-01-02	holiday
NZ	2034-02-06	holiday
NZ	2034-04-07	holiday
NZ	2034-04-10	holiday
NZ	2034-04-25	holiday
NZ	2034-06-05	holiday
NZ	2034-10-23	holiday
NZ	2034-12-25	holiday
NZ	2034-12-26	holiday
NZ	2035-01-01	holiday
NZ	2035-01-02	holiday
NZ	2035-02-06	holiday
NZ	2035-03-23	holiday
NZ	2035-03-26	holiday
NZ	2035-04-25	holiday
NZ	2035-06-04	holiday
NZ	2035-10-22	holiday
NZ	2035-12-25	holiday
NZ	2035-12-26	holiday
PL	2019-01-01	holiday
PL	2019-01-06	holiday
PL	2019-04-22	holiday
PL	2019-05-01	holiday
PL	2019-05-03	holiday
PL	2019-06-20	holiday
PL	2019-08-15	holiday
PL	2019-11-01	holiday
PL	2019-11-11	holiday
PL	2019-12-25	holiday
PL	2019-12-26	holiday
PL	2020-01-01	holiday
PL	2020-01-06	holiday
PL	2020-04-13	holiday
PL	2020-05-01	holiday
PL	2020-05-03	holiday
PL	2020-06-11	holiday
PL	2020-08-15	holiday
PL	2020-11-01	holiday
PL	2020-11-11	holiday
PL	2020-12-25	holiday
PL	2020-12-26	holiday
PL	2021-01-01	holiday
PL	2021-01-06	holiday
PL	2021-04-05	holiday
PL	2021-05-01	holiday
PL	2021-05-03	holiday
PL	2021-06-03	holiday
PL	2021-08-15	holiday
PL	2021-11-01	holiday
PL	2021-11-11	holiday
PL	2021-12-25	holiday
PL	2021-12-26	holiday
PL	2022-01-01	holiday
PL	2022-01-06	holiday
PL	2022-04-18	holiday
PL	2022-05-01	holiday
PL	2022-05-03	holiday
PL	2022-06-16	holiday
PL	2022-08-15	holiday
PL	2022-11-01	holiday
PL	2022-11-11	holiday
PL	2022-12-25	holiday
PL	2022-12-26	holiday
PL	2023-01-01	holiday
PL	2023-01-06	holiday
PL	2023-04-10	holiday
PL	2023-05-01	holiday
PL	2023-05-03	holiday
PL	2023-06-08	holiday
PL	2023-08-15	holiday
PL	2023-11-01	holiday
PL	2023-11-11	holiday
PL	2023-12-25	holiday
PL	2023-12-26	holiday
PL	2024-01-01	holiday
PL	2024-01-06	holiday
PL	2024-04-01	holiday
PL	2024-05-01	holiday
PL	2024-05-03	holiday
PL	2024-05-30	holiday
PL	2024-08-15	holiday
PL	2024-11-01	holiday
PL	2024-11-11	holiday
PL	2024-12-25	holiday
PL	2024-12-26	holiday
PL	2025-01-01	holiday
PL	2025-01-06	holiday
PL	2025-04-21	holiday
PL	2025-05-01	holiday
PL	2025-05-03	holiday
PL	2025-06-19	holiday
PL	2025-08-15	holiday
PL	2025-11-01	holiday
PL	2025-11-11	holiday
PL	2025-12-25	holiday
PL	2025-12-26	holiday
PL	2026-01-01	holiday
PL	2026-01-06	holiday
PL	2026-04-06	holiday
PL	2026-05-01	holiday
PL	2026-05-03	holiday
PL	2026-06-04	holiday
PL	2026-08-15	holiday
PL	2026-11-01	holiday
PL	2026-11-11	holiday
PL	2026-12-25	holiday
PL	2026-12-26	holiday
PL	2027-01-01	holiday
PL	2027-01-06	holiday
PL	2027-03-29	holiday
PL	2027-05-01	holiday
PL	2027-05-03	holiday
PL	2027-05-27	holiday
PL	2027-08-15	holiday
PL	2027-11-01	holiday
PL	2027-11-11	holiday
PL	2027-12-25	holiday
PL	2027-12-26	holiday
PL	2028-01-01	holiday
PL	2028-01-06	holiday
PL	2028-04-17	holiday
PL	2028-05-01	holiday
PL	2028-05-03	holiday
PL	2028-06-15	holiday
PL	2028-08-15	holiday
PL	2028-11-01	holiday
PL	2028-11-11	holiday
PL	2028-12-25	holiday
PL	2028-12-26	holiday
PL	2029-01-01	holiday
PL	2029-01-06	holiday
PL	2029-04-02	holiday
PL	2029-05-01	holiday
PL	2029-05-03	holiday
PL	2029-05-31	holiday
PL	2029-08-15	holiday
PL	2029-11-01	holiday
PL	2029-11-11	holiday
PL	2029-12-25	holiday
PL	2029-12-26	holiday
PL	2030-01-01	holiday
PL	2030-01-06	holiday
PL	2030-04-22	holiday
PL	2030-05-01	holiday
PL	2030-05-03	holiday
PL	2030-06-20	holiday
PL	2030-08-15	holiday
PL	2030-11-01	holiday
PL	2030-11-11	holiday
PL	2030-12-25	holiday
PL	2030-12-26	holiday
PL	2031-01-01	holiday
PL	2031-01-06	holiday
PL	2031-04-14	holiday
PL	2031-05-01	holiday
PL	2031-05-03	holiday
PL	2031-06-12	holiday
PL	2031-08-15	holiday
PL	2031-11-01	holiday
PL	2031-11-11	holiday
PL	2031-12-25	holiday
PL	2031-12-26	holiday
PL	2032-01-01	holiday
PL	2032-01-06	holiday
PL	2032-03-29	holiday
PL	2032-05-01	holiday
PL	2032-05-03	holiday
PL	2032-05-27	holiday
PL	2032-08-15	holiday
PL	2032-11-01	holiday
PL	2032-11-11	holiday
PL	2032-12-25	holiday
PL	2032-12-26	holiday
PL	2033-01-01	holiday
PL	2033-01-06	holiday
PL	2033-04-18	holiday
PL	2033-05-01	holiday
PL	2033-05-03	holiday
PL	2033-06-16	holiday
PL	2033-08-15	holiday
PL	2033-11-01	holiday
PL	2033-11-11	holiday
PL	2033-12-25	holiday
PL	2033-12-26	holiday
PL	2034-01-01	holiday
PL	2034-01-06	holiday
PL	2034-04-10	holiday
PL	2034-05-01	holiday
PL	2034-05-03	holiday
PL	2034-06-08	holiday
PL	2034-08-15	holiday
PL	2034-11-01	holiday
PL	2034-11-11	holiday
PL	2034-12-25	holiday
PL	2034-12-26	holiday
PL	2035-01-01	holiday
PL	2035-01-06	holiday
PL	2035-03-26	holiday
PL	2035-05-01	holiday
PL	2035-05-03	holiday
PL	2035-05-24	holiday
PL	2035-08-15	holiday
PL	2035-11-01	holiday
PL	2035-11-11	holiday
PL	2035-12-25	holiday
PL	2035-12-26	holiday
PT	2019-01-01	holiday
PT	2019-04-19	holiday
PT	2019-04-25	holiday
PT	2019-05-01	holiday
PT	2019-06-20	holiday
PT	2019-06-10	holiday
PT	2019-08-15	holiday
PT	2019-10-05	holiday
PT	2019-11-01	holiday
PT	2019-12-01	holiday
PT	2019-12-08	holiday
PT	2019-12-25	holiday
PT	2020-01-01	holiday
PT	2020-04-10	holiday
PT	2020-04-25	holiday
PT	2020-05-01	holiday
PT	2020-06-11	holiday
PT	2020-06-10	holiday
PT	2020-08-15	holiday
PT	2020-10-05	holiday
PT	2020-11-01	holiday
PT	2020-12-01	holiday
PT	2020-12-08	holiday
PT	2020-12-25	holiday
PT	2021-01-01	holiday
PT	2021-04-02	holiday
PT	2021-04-25	holiday
PT	2021-05-01	holiday
PT	2021-06-03	holiday
PT	2021-06-10	holiday
PT	2021-08-15	holiday
PT	2021-10-05	holiday
PT	2021-11-01	holiday
PT	2021-12-01	holiday
PT	2021-12-08	holiday
PT	2021-12-25	holiday
PT	2022-01-01	holiday
PT	2022-04-15	holiday
PT	2022-04-25	holiday
PT	2022-05-01	holiday
PT	2022-06-16	holiday
PT	2022-06-10	holiday
PT	2022-08-15	holiday
PT	2022-10-05	holiday
PT	2022-11-01	holiday
PT	2022-12-01	holiday
PT	2022-12-08	holiday
PT	2022-12-25	holiday
PT	2023-01-01	holiday
PT	2023-04-07	holiday
PT	2023-04-25	holiday
PT	2023-05-01	holiday
PT	2023-06-08	holiday
PT	2023-06-10	holiday
PT	2023-08-15	holiday
PT	2023-10-05	holiday
PT	2023-11-01	holiday
PT	2023-12-01	holiday
PT	2023-12-08	holiday
PT	2023-12-25	holiday
PT	2024-01-01	holiday
PT	2024-03-29	holiday
PT	2024-04-25	holiday
PT	2024-05-01	holiday
PT	2024-05-30	holiday
PT	2024-06-10	holiday
PT	2024-08-15	holiday
PT	2024-10-05	holiday
PT	2024-11-01	holiday
PT	2024-12-01	holiday
PT	2024-12-08	holiday
PT	2024-12-25	holiday
PT	2025-01-01	holiday
PT	2025-04-18	holiday
PT	2025-04-25	holiday
PT	2025-05-01	holiday
PT	2025-06-19	holiday
PT	2025-06-10	holiday
PT	2025-08-15	holiday
PT	2025-10-05	holiday
PT	2025-11-01	holiday
PT	2025-12-01	holiday
PT	2025-12-08	holiday
PT	2025-12-25	holiday
PT	2026-01-01	holiday
PT	2026-04-03	holiday
PT	2026-04-25	holiday
PT	2026-05-01	holiday
PT	2026-06-04	holiday
PT	2026-06-10	holiday
PT	2026-08-15	holiday
PT	2026-10-05	holiday
PT	2026-11-01	holiday
PT	2026-12-01	holiday
PT	2026-12-08	holiday
PT	2026-12-25	holiday
PT	2027-01-01	holiday
PT	2027-03-26	holiday
PT	2027-04-25	holiday
PT	2027-05-01	holiday
PT	2027-05-27	holiday
PT	2027-06-10	holiday
PT	2027-08-15	holiday
PT	2027-10-05	holiday
PT	2027-11-01	holiday
PT	2027-12-01	holiday
PT	2027-12-08	holiday
PT	2027-12-25	holiday
PT	2028-01-01	holiday
PT	2028-04-14	holiday
PT	2028-04-25	holiday
PT	2028-05-01	holiday
PT	2028-06-15	holiday
PT	2028-06-10	holiday
PT	2028-08-15	holiday
PT	2028-10-05	holiday
PT	2028-11-01	holiday
PT	2028-12-01	holiday
PT	2028-12-08	holiday
PT	2028-12-25	holiday
PT	2029-01-01	holiday
PT	2029-03-30	holiday
PT	2029-04-25	holiday
PT	2029-05-01	holiday
PT	2029-05-31	holiday
PT	2029-06-10	holiday
PT	2029-08-15	holiday
PT	2029-10-05	holiday
PT	2029-11-01	holiday
PT	2029-12-01	holiday
PT	2029-12-08	holiday
PT	2029-12-25	holiday
PT	2030-01-01	holiday
PT	2030-04-19	holiday
PT	2030-04-25	holiday
PT	2030-05-01	holiday
PT	2030-06-20	holiday
PT	2030-06-10	holiday
PT	2030-08-15	holiday
PT	2030-10-05	holiday
PT	2030-11-01	holiday
PT	2030-12-01	holiday
PT	2030-12-08	holiday
PT	2030-12-25	holiday
PT	2031-01-01	holiday
PT	2031-04-11	holiday
PT	2031-04-25	holiday
PT	2031-05-01	holiday
PT	2031-06-12	holiday
PT	2031-06-10	holiday
PT	2031-08-15	holiday
PT	2031-10-05	holiday
PT	2031-11-01	holiday
PT	2031-12-01	holiday
PT	2031-12-08	holiday
PT	2031-12-25	holiday
PT	2032-01-01	holiday
PT	2032-03-26	holiday
PT	2032-04-25	holiday
PT	2032-05-01	holiday
PT	2032-05-27	holiday
PT	2032-06-10	holiday
PT	2032-08-15	holiday
PT	2032-10-05	holiday
PT	2032-11-01	holiday
PT	2032-12-01	holiday
PT	2032-12-08	holiday
PT	2032-12-25	holiday
PT	2033-01-01	holiday
PT	2033-04-15	holiday
PT	2033-04-25	holiday
PT	2033-05-01	holiday
PT	2033-06-16	holiday
PT	2033-06-10	holiday
PT	2033-08-15	holiday
PT	2033-10-05	holiday
PT	2033-11-01	holiday
PT	2033-12-01	holiday
PT	2033-12-08	holiday
PT	2033-12-25	holiday
PT	2034-01-01	holiday
PT	2034-04-07	holiday
PT	2034-04-25	holiday
PT	2034-05-01	holiday
PT	2034-06-08	holiday
PT	2034-06-10	holiday
PT	2034-08-15	holiday
PT	2034-10-05	holiday
PT	2034-11-01	holiday
PT	2034-12-01	holiday
PT	2034-12-08	holiday
PT	2034-12-25	holiday
PT	2035-01-01	holiday
PT	2035-03-23	holiday
PT	2035-04-25	holiday
PT	2035-05-01	holiday
PT	2035-05-24	holiday
PT	2035-06-10	holiday
PT	2035-08-15	holiday
PT	2035-10-05	holiday
PT	2035-11-01	holiday
PT	2035-12-01	holiday
PT	2035-12-08	holiday
PT	2035-12-25	holiday
RU	2019-01-01	holiday
RU	2019-01-02	holiday
RU	2019-01-03	holiday
RU	2019-01-04	holiday
RU	2019-01-05	holiday
RU	2019-01-06	holiday
RU	2019-01-07	holiday
RU	2019-01-08	holiday
RU	2019-02-23	holiday
RU	2019-03-08	holiday
RU	2019-05-01	holiday
RU	2019-05-09	holiday
RU	2019-06-12	holiday
RU	2019-11-04	holiday
RU	2020-01-01	holiday
RU	2020-01-02	holiday
RU	2020-01-03	holiday
RU	2020-01-04	holiday
RU	2020-01-05	holiday
RU	2020-01-06	holiday
RU	2020-01-07	holiday
RU	2020-01-08	holiday
RU	2020-02-23	holiday
RU	2020-03-08	holiday
RU	2020-05-01	holiday
RU	2020-05-09	holiday
RU	2020-06-12	holiday
RU	2020-11-04	holiday
RU	2021-01-01	holiday
RU	2021-01-02	holiday
RU	2021-01-03	holiday
RU	2021-01-04	holiday
RU	2021-01-05	holiday
RU	2021-01-06	holiday
RU	2021-01-07	holiday
RU	2021-01-08	holiday
RU	2021-02-23	holiday
RU	2021-03-08	holiday
RU	2021-05-01	holiday
RU	2021-05-09	holiday
RU	2021-06-12	holiday
RU	2021-11-04	holiday
RU	2022-01-01	holiday
RU	2022-01-02	holiday
RU	2022-01-03	holiday
RU	2022-01-04	holiday
RU	2022-01-05	holiday
RU	2022-01-06	holiday
RU	2022-01-07	holiday
RU	2022-01-08	holiday
RU	2022-02-23	holiday
RU	2022-03-08	holiday
RU	2022-05-01	holiday
RU	2022-05-09	holiday
RU	2022-06-12	holiday
RU	2022-11-04	holiday
RU	2023-01-01	holiday
RU	2023-01-02	holiday
RU	2023-01-03	holiday
RU	2023-01-04	holiday
RU	2023-01-05	holiday
RU	2023-01-06	holiday
RU	2023-01-07	holiday
RU	2023-01-08	holiday
RU	2023-02-23	holiday
RU	2023-03-08	holiday
RU	2023-05-01	holiday
RU	2023-05-09	holiday
RU	2023-06-12	holiday
RU	2023-11-04	holiday
RU	2024-01-01	holiday
RU	2024-01-02	holiday
RU	2024-01-03	holiday
RU	2024-01-04	holiday
RU	2024-01-05	holiday
RU	2024-01-06	holiday
RU	2024-01-07	holiday
RU	2024-01-08	holiday
RU	2024-02-23	holiday
RU	2024-03-08	holiday
RU	2024-05-01	holiday
RU	2024-05-09	holiday
RU	2024-06-12	holiday
RU	2024-11-04	holiday
RU	2025-01-01	holiday
RU	2025-01-02	holiday
RU	2025-01-03	holiday
RU	2025-01-04	holiday
RU	2025-01-05	holiday
RU	2025-01-06	holiday
RU	2025-01-07	holiday
RU	2025-01-08	holiday
RU	2025-02-23	holiday
RU	2025-03-08	holiday
RU	2025-05-01	holiday
RU	2025-05-09	holiday
RU	2025-06-12	holiday
RU	2025-11-04	holiday
RU	2026-01-01	holiday
RU	2026-01-02	holiday
RU	2026-01-03	holiday
RU	2026-01-04	holiday
RU	2026-01-05	holiday
RU	2026-01-06	holiday
RU	2026-01-07	holiday
RU	2026-01-08	holiday
RU	2026-02-23	holiday
RU	2026-03-08	holiday
RU	2026-05-01	holiday
RU	2026-05-09	holiday
RU	2026-06-12	holiday
RU	2026-11-04	holiday
RU	2027-01-01	holiday
RU	2027-01-02	holiday
RU	2027-01-03	holiday
RU	2027-01-04	holiday
RU	2027-01-05	holiday
RU	2027-01-06	holiday
RU	2027-01-07	holiday
RU	2027-01-08	holiday
RU	2027-02-23	holiday
RU	2027-03-08	holiday
RU	2027-05-01	holiday
RU	2027-05-09	holiday
RU	2027-06-12	holiday
RU	2027-11-04	holiday
RU	2028-01-01	holiday
RU	2028-01-02	holiday
RU	2028-01-03	holiday
RU	2028-01-04	holiday
RU	2028-01-05	holiday
RU	2028-01-06	holiday
RU	2028-01-07	holiday
RU	2028-01-08	holiday
RU	2028-02-23	holiday
RU	2028-03-08	holiday
RU	2028-05-01	holiday
RU	2028-05-09	holiday
RU	2028-06-12	holiday
RU	2028-11-04	holiday
RU	2029-01-01	holiday
RU	2029-01-02	holiday
RU	2029-01-03	holiday
RU	2029-01-04	holiday
RU	2029-01-05	holiday
RU	2029-01-06	holiday
RU	2029-01-07	holiday
RU	2029-01-08	holiday
RU	2029-02-23	holiday
RU	2029-03-08	holiday
RU	2029-05-01	holiday
RU	2029-05-09	holiday
RU	2029-06-12	holiday
RU	2029-11-04	holiday
RU	2030-01-01	holiday
RU	2030-01-02	holiday
RU	2030-01-03	holiday
RU	2030-01-04	holiday
RU	2030-01-05	holiday
RU	2030-01-06	holiday
RU	2030-01-07	holiday
RU	2030-01-08	holiday
RU	2030-02-23	holiday
RU	2030-03-08	holiday
RU	2030-05-01	holiday
RU	2030-05-09	holiday
RU	2030-06-12	holiday
RU	2030-11-04	holiday
RU	2031-01-01	holiday
RU	2031-01-02	holiday
RU	2031-01-03	holiday
RU	2031-01-04	holiday
RU	2031-01-05	holiday
RU	2031-01-06	holiday
RU	2031-01-07	holiday
RU	2031-01-08	holiday
RU	2031-02-23	holiday
RU	2031-03-08	holiday
RU	2031-05-01	holiday
RU	2031-05-09	holiday
RU	2031-06-12	holiday
RU	2031-11-04	holiday
RU	2032-01-01	holiday
RU	2032-01-02	holiday
RU	2032-01-03	holiday
RU	2032-01-04	holiday
RU	2032-01-05	holiday
RU	2032-01-06	holiday
RU	2032-01-07	holiday
RU	2032-01-08	holiday
RU	2032-02-23	holiday
RU	2032-03-08	holiday
RU	2032-05-01	holiday
RU	2032-05-09	holiday
RU	2032-06-12	holiday
RU	2032-11-04	holiday
RU	2033-01-01	holiday
RU	2033-01-02	holiday
RU	2033-01-03	holiday
RU	2033-01-04	holiday
RU	2033-01-05	holiday
RU	2033-01-06	holiday
RU	2033-01-07	holiday
RU	2033-01-08	holiday
RU	2033-02-23	holiday
RU	2033-03-08	holiday
RU	2033-05-01	holiday
RU	2033-05-09	holiday
RU	2033-06-12	holiday
RU	2033-11-04	holiday
RU	2034-01-01	holiday
RU	2034-01-02	holiday
RU	2034-01-03	holiday
RU	2034-01-04	holiday
RU	2034-01-05	holiday
RU	2034-01-06	holiday
RU	2034-01-07	holiday
RU	2034-01-08	holiday
RU	2034-02-23	holiday
RU	2034-03-08	holiday
RU	2034-05-01	holiday
RU	2034-05-09	holiday
RU	2034-06-12	holiday
RU	2034-11-04	holiday
RU	2035-01-01	holiday
RU	2035-01-02	holiday
RU	2035-01-03	holiday
RU	2035-01-04	holiday
RU	2035-01-05	holiday
RU	2035-01-06	holiday
RU	2035-01-07	holiday
RU	2035-01-08	holiday
RU	2035-02-23	holiday
RU	2035-03-08	holiday
RU	2035-05-01	holiday
RU	2035-05-09	holiday
RU	2035-06-12	holiday
RU	2035-11-04	holiday
SE	2019-01-01	holiday
SE	2019-01-06	holiday
SE	2019-04-19	holiday
SE	2019-04-22	holiday
SE	2019-05-01	holiday
SE	2019-05-30	holiday
SE	2019-06-06	holiday
SE	2019-06-22	holiday
SE	2019-11-02	holiday
SE	2019-12-25	holiday
SE	2019-12-26	holiday
SE	2020-01-01	holiday
SE	2020-01-06	holiday
SE	2020-04-10	holiday
SE	2020-04-13	holiday
SE	2020-05-01	holiday
SE	2020-05-21	holiday
SE	2020-06-06	holiday
SE	2020-06-20	holiday
SE	2020-10-31	holiday
SE	2020-12-25	holiday
SE	2020-12-26	holiday
SE	2021-01-01	holiday
SE	2021-01-06	holiday
SE	2021-04-02	holiday
SE	2021-04-05	holiday
SE	2021-05-01	holiday
SE	2021-05-13	holiday
SE	2021-06-06	holiday
SE	2021-06-26	holiday
SE	2021-11-06	holiday
SE	2021-12-25	holiday
SE	2021-12-26	holiday
SE	2022-01-01	holiday
SE	2022-01-06	holiday
SE	2022-04-15	holiday
SE	2022-04-18	holiday
SE	2022-05-01	holiday
SE	2022-05-26	holiday
SE	2022-06-06	holiday
SE	2022-06-25	holiday
SE	2022-11-05	holiday
SE	2022-12-25	holiday
SE	2022-12-26	holiday
SE	2023-01-01	holiday
SE	2023-01-06	holiday
SE	2023-04-07	holiday
SE	2023-04-10	holiday
SE	2023-05-01	holiday
SE	2023-05-18	holiday
SE	2023-06-06	holiday
SE	2023-06-24	holiday
SE	2023-11-04	holiday
SE	2023-12-25	holiday
SE	2023-12-26	holiday
SE	2024-01-01	holiday
SE	2024-01-06	holiday
SE	2024-03-29	holiday
SE	2024-04-01	holiday
SE	2024-05-01	holiday
SE	2024-05-09	holiday
SE	2024-06-06	holiday
SE	2024-06-22	holiday
SE	2024-11-02	holiday
SE	2024-12-25	holiday
SE	2024-12-26	holiday
SE	2025-01-01	holiday
SE	2025-01-06	holiday
SE	2025-04-18	holiday
SE	2025-04-21	holiday
SE	2025-05-01	holiday
SE	2025-05-29	holiday
SE	2025-06-06	holiday
SE	2025-06-21	holiday
SE	2025-11-01	holiday
SE	2025-12-25	holiday
SE	2025-12-26	holiday
SE	2026-01-01	holiday
SE	2026-01-06	holiday
SE	2026-04-03	holiday
SE	2026-04-06	holiday
SE	2026-05-01	holiday
SE	2026-05-14	holiday
SE	2026-06-06	holiday
SE	2026-06-20	holiday
SE	2026-10-31	holiday
SE	2026-12-25	holiday
SE	2026-12-26	holiday
SE	2027-01-01	holiday
SE	2027-01-06	holiday
SE	2027-03-26	holiday
SE	2027-03-29	holiday
SE	2027-05-01	holiday
SE	2027-05-06	holiday
SE	2027-06-06	holiday
SE	2027-06-26	holiday
SE	2027-11-06	holiday
SE	2027-12-25	holiday
SE	2027-12-26	holiday
SE	2028-01-01	holiday
SE	2028-01-06	holiday
SE	2028-04-14	holiday
SE	2028-04-17	holiday
SE	2028-05-01	holiday
SE	2028-05-25	holiday
SE	2028-06-06	holiday
SE	2028-06-24	holiday
SE	2028-11-04	holiday
SE	2028-12-25	holiday
SE	2028-12-26	holiday
SE	2029-01-01	holiday
SE	2029-01-06	holiday
SE	2029-03-30	holiday
SE	2029-04-02	holiday
SE	2029-05-01	holiday
SE	2029-05-10	holiday
SE	2029-06-06	holiday
SE	2029-06-23	holiday
SE	2029-11-03	holiday
SE	2029-12-25	holiday
SE	2029-12-26	holiday
SE	2030-01-01	holiday
SE	2030-01-06	holiday
SE	2030-04-19	holiday
SE	2030-04-22	holiday
SE	2030-05-01	holiday
SE	2030-05-30	holiday
SE	2030-06-06	holiday
SE	2030-06-22	holiday
SE	2030-11-02	holiday
SE	2030-12-25	holiday
SE	2030-12-26	holiday
SE	2031-01-01	holiday
SE	2031-01-06	holiday
SE	2031-04-11	holiday
SE	2031-04-14	holiday
SE	2031-05-01	holiday
SE	2031-05-22	holiday
SE	2031-06-06	holiday
SE	2031-06-21	holiday
SE	2031-11-01	holiday
SE	2031-12-25	holiday
SE	2031-12-26	holiday
SE	2032-01-01	holiday
SE	2032-01-06	holiday
SE	2032-03-26	holiday
SE	2032-03-29	holiday
SE	2032-05-01	holiday
SE	2032-05-06	holiday
SE	2032-06-06	holiday
SE	2032-06-26	holiday
SE	2032-11-06	holiday
SE	2032-12-25	holiday
SE	2032-12-26	holiday
SE	2033-01-01	holiday
SE	2033-01-06	holiday
SE	2033-04-15	holiday
SE	2033-04-18	holiday
SE	2033-05-01	holiday
SE	2033-05-26	holiday
SE	2033-06-06	holiday
SE	2033-06-25	holiday
SE	2033-11-05	holiday
SE	2033-12-25	holiday
SE	2033-12-26	holiday
SE	2034-01-01	holiday
SE	2034-01-06	holiday
SE	2034-04-07	holiday
SE	2034-04-10	holiday
SE	2034-05-01	holiday
SE	2034-05-18	holiday
SE	2034-06-06	holiday
SE	2034-06-24	holiday
SE	2034-11-04	holiday
SE	2034-12-25	holiday
SE	2034-12-26	holiday
SE	2035-01-01	holiday
SE	2035-01-06	holiday
SE	2035-03-23	holiday
SE	2035-03-26	holiday
SE	2035-05-01	holiday
SE	2035-05-03	holiday
SE	2035-06-06	holiday
SE	2035-06-23	holiday
SE	2035-11-03	holiday
SE	2035-12-25	holiday
SE	2035-12-26	holiday
US	2019-01-01	holiday
US	2019-01-21	holiday
US	2019-02-18	holiday
US	2019-05-27	holiday
US	2019-07-04	holiday
US	2019-09-02	holiday
US	2019-10-14	holiday
US	2019-11-11	holiday
US	2019-11-28	holiday
US	2019-12-25	holiday
US	2020-01-01	holiday
US	2020-01-20	holiday
US	2020-02-17	holiday
US	2020-05-25	holiday
US	2020-07-04	holiday
US	2020-09-07	holiday
US	2020-10-12	holiday
US	2020-11-11	holiday
US	2020-11-26	holiday
US	2020-12-25	holiday
US	2021-01-01	holiday
US	2021-01-18	holiday
US	2021-02-15	holiday
US	2021-05-31	holiday
US	2021-07-04	holiday
US	2021-09-06	holiday
US	2021-10-11	holiday
US	2021-11-11	holiday
US	2021-11-25	holiday
US	2021-12-25	holiday
US	2021-06-19	holiday
US	2022-01-01	holiday
US	2022-01-17	holiday
US	2022-02-21	holiday
US	2022-05-30	holiday
US	2022-07-04	holiday
US	2022-09-05	holiday
US	2022-10-10	holiday
US	2022-11-11	holiday
US	2022-11-24	holiday
US	2022-12-25	holiday
US	2022-06-19	holiday
US	2023-01-01	holiday
US	2023-01-16	holiday
US	2023-02-20	holiday
US	2023-05-29	holiday
US	2023-07-04	holiday
US	2023-09-04	holiday
US	2023-10-09	holiday
US	2023-11-11	holiday
US	2023-11-23	holiday
US	2023-12-25	holiday
US	2023-06-19	holiday
US	2024-01-01	holiday
US	2024-01-15	holiday
US	2024-02-19	holiday
US	2024-05-27	holiday
US	2024-07-04	holiday
US	2024-09-02	holiday
US	2024-10-14	holiday
US	2024-11-11	holiday
US	2024-11-28	holiday
US	2024-12-25	holiday
US	2024-06-19	holiday
US	2025-01-01	holiday
US	2025-01-20	holiday
US	2025-02-17	holiday
US	2025-05-26	holiday
US	2025-07-04	holiday
US	2025-09-01	holiday
US	2025-10-13	holiday
US	2025-11-11	holiday
US	2025-11-27	holiday
US	2025-12-25	holiday
US	2025-06-19	holiday
US	2026-01-01	holiday
US	2026-01-19	holiday
US	2026-02-16	holiday
US	2026-05-25	holiday
US	2026-07-04	holiday
US	2026-09-07	holiday
US	2026-10-12	holiday
US	2026-11-11	holiday
US	2026-11-26	holiday
US	2026-12-25	holiday
US	2026-06-19	holiday
US	2027-01-01	holiday
US	2027-01-18	holiday
US	2027-02-15	holiday
US	2027-05-31	holiday
US	2027-07-04	holiday
US	2027-09-06	holiday
US	2027-10-11	holiday
US	2027-11-11	holiday
US	2027-11-25	holiday
US	2027-12-25	holiday
US	2027-06-19	holiday
US	2028-01-01	holiday
US	2028-01-17	holiday
US	2028-02-21	holiday
US	2028-05-29	holiday
US	2028-07-04	holiday
US	2028-09-04	holiday
US	2028-10-09	holiday
US	2028-11-11	holiday
US	2028-11-23	holiday
US	2028-12-25	holiday
US	2028-06-19	holiday
US	2029-01-01	holiday
US	2029-01-15	holiday
US	2029-02-19	holiday
US	2029-05-28	holiday
US	2029-07-04	holiday
US	2029-09-03	holiday
US	2029-10-08	holiday
US	2029-11-11	holiday
US	2029-11-22	holiday
US	2029-12-25	holiday
US	2029-06-19	holiday
US	2030-01-01	holiday
US	2030-01-21	holiday
US	2030-02-18	holiday
US	2030-05-27	holiday
US	2030-07-04	holiday
US	2030-09-02	holiday
US	2030-10-14	holiday
US	2030-11-11	holiday
US	2030-11-28	holiday
US	2030-12-25	holiday
US	2030-06-19	holiday
US	2031-01-01	holiday
US	2031-01-20	holiday
US	2031-02-17	holiday
US	2031-05-26	holiday
US	2031-07-04	holiday
US	2031-09-01	holiday
US	2031-10-13	holiday
US	2031-11-11	holiday
US	2031-11-27	holiday
US	2031-12-25	holiday
US	2031-06-19	holiday
US	2032-01-01	holiday
US	2032-01-19	holiday
US	2032-02-16	holiday
US	2032-05-31	holiday
US	2032-07-04	holiday
US	2032-09-06	holiday
US	2032-10-11	holiday
US	2032-11-11	holiday
US	2032-11-25	holiday
US	2032-12-25	holiday
US	2032-06-19	holiday
US	2033-01-01	holiday
US	2033-01-17	holiday
US	2033-02-21	holiday
US	2033-05-30	holiday
US	2033-07-04	holiday
US	2033-09-05	holiday
US	2033-10-10	holiday
US	2033-11-11	holiday
US	2033-11-24	holiday
US	2033-12-25	holiday
US	2033-06-19	holiday
US	2034-01-01	holiday
US	2034-01-16	holiday
US	2034-02-20	holiday
US	2034-05-29	holiday
US	2034-07-04	holiday
US	2034-09-04	holiday
US	2034-10-09	holiday
US	2034-11-11	holiday
US	2034-11-23	holiday
US	2034-12-25	holiday
US	2034-06-19	holiday
US	2035-01-01	holiday
US	2035-01-15	holiday
US	2035-02-19	holiday
US	2035-05-28	holiday
US	2035-07-04	holiday
US	2035-09-03	holiday
US	2035-10-08	holiday
US	2035-11-11	holiday
US	2035-11-22	holiday
US	2035-12-25	holiday
US	2035-06-19	holiday
ZA	2019-01-01	holiday
ZA	2019-03-21	holiday
ZA	2019-04-19	holiday
ZA	2019-04-22	holiday
ZA	2019-04-27	holiday
ZA	2019-05-01	holiday
ZA	2019-06-16	holiday
ZA	2019-08-09	holiday
ZA	2019-09-24	holiday
ZA	2019-12-16	holiday
ZA	2019-12-25	holiday
ZA	2019-12-26	holiday
ZA	2020-01-01	holiday
ZA	2020-03-21	holiday
ZA	2020-04-10	holiday
ZA	2020-04-13	holiday
ZA	2020-04-27	holiday
ZA	2020-05-01	holiday
ZA	2020-06-16	holiday
ZA	2020-08-09	holiday
ZA	2020-09-24	holiday
ZA	2020-12-16	holiday
ZA	2020-12-25	holiday
ZA	2020-12-26	holiday
ZA	2021-01-01	holiday
ZA	2021-03-21	holiday
ZA	2021-04-02	holiday
ZA	2021-04-05	holiday
ZA	2021-04-27	holiday
ZA	2021-05-01	holiday
ZA	2021-06-16	holiday
ZA	2021-08-09	holiday
ZA	2021-09-24	holiday
ZA	2021-12-16	holiday
ZA	2021-12-25	holiday
ZA	2021-12-26	holiday
ZA	2022-01-01	holiday
ZA	2022-03-21	holiday
ZA	2022-04-15	holiday
ZA	2022-04-18	holiday
ZA	2022-04-27	holiday
ZA	2022-05-01	holiday
ZA	2022-06-16	holiday
ZA	2022-08-09	holiday
ZA	2022-09-24	holiday
ZA	2022-12-16	holiday
ZA	2022-12-25	holiday
ZA	2022-12-26	holiday
ZA	2023-01-01	holiday
ZA	2023-03-21	holiday
ZA	2023-04-07	holiday
ZA	2023-04-10	holiday
ZA	2023-04-27	holiday
ZA	2023-05-01	holiday
ZA	2023-06-16	holiday
ZA	2023-08-09	holiday
ZA	2023-09-24	holiday
ZA	2023-12-16	holiday
ZA	2023-12-25	holiday
ZA	2023-12-26	holiday
ZA	2024-01-01	holiday
ZA	2024-03-21	holiday
ZA	2024-03-29	holiday
ZA	2024-04-01	holiday
ZA	2024-04-27	holiday
ZA	2024-05-01	holiday
ZA	2024-06-16	holiday
ZA	2024-08-09	holiday
ZA	2024-09-24	holiday
ZA	2024-12-16	holiday
ZA	2024-12-25	holiday
ZA	2024-12-26	holiday
ZA	2025-01-01	holiday
ZA	2025-03-21	holiday
ZA	2025-04-18	holiday
ZA	2025-04-21	holiday
ZA	2025-04-27	holiday
ZA	2025-05-01	holiday
ZA	2025-06-16	holiday
ZA	2025-08-09	holiday
ZA	2025-09-24	holiday
ZA	2025-12-16	holiday
ZA	2025-12-25	holiday
ZA	2025-12-26	holiday
ZA	2026-01-01	holiday
ZA	2026-03-21	holiday
ZA	2026-04-03	holiday
ZA	2026-04-06	holiday
ZA	2026-04-27	holiday
ZA	2026-05-01	holiday
ZA	2026-06-16	holiday
ZA	2026-08-09	holiday
ZA	2026-09-24	holiday
ZA	2026-12-16	holiday
ZA	2026-12-25	holiday
ZA	2026-12-26	holiday
ZA	2027-01-01	holiday
ZA	2027-03-21	holiday
ZA	2027-03-26	holiday
ZA	2027-03-29	holiday
ZA	2027-04-27	holiday
ZA	2027-05-01	holiday
ZA	2027-06-16	holiday
ZA	2027-08-09	holiday
ZA	2027-09-24	holiday
ZA	2027-12-16	holiday
ZA	2027-12-25	holiday
ZA	2027-12-26	holiday
ZA	2028-01-01	holiday
ZA	2028-03-21	holiday
ZA	2028-04-14	holiday
ZA	2028-04-17	holiday
ZA	2028-04-27	holiday
ZA	2028-05-01	holiday
ZA	2028-06-16	holiday
ZA	2028-08-09	holiday
ZA	2028-09-24	holiday
ZA	2028-12-16	holiday
ZA	2028-12-25	holiday
ZA	2028-12-26	holiday
ZA	2029-01-01	holiday
ZA	2029-03-21	holiday
ZA	2029-03-30	holiday
ZA	2029-04-02	holiday
ZA	2029-04-27	holiday
ZA	2029-05-01	holiday
ZA	2029-06-16	holiday
ZA	2029-08-09	holiday
ZA	2029-09-24	holiday
ZA	2029-12-16	holiday
ZA	2029-12-25	holiday
ZA	2029-12-26	holiday
ZA	2030-01-01	holiday
ZA	2030-03-21	holiday
ZA	2030-04-19	holiday
ZA	2030-04-22	holiday
ZA	2030-04-27	holiday
ZA	2030-05-01	holiday
ZA	2030-06-16	holiday
ZA	2030-08-09	holiday
ZA	2030-09-24	holiday
ZA	2030-12-16	holiday
ZA	2030-12-25	holiday
ZA	2030-12-26	holiday
ZA	2031-01-01	holiday
ZA	2031-03-21	holiday
ZA	2031-04-11	holiday
ZA	2031-04-14	holiday
ZA	2031-04-27	holiday
ZA	2031-05-01	holiday
ZA	2031-06-16	holiday
ZA	2031-08-09	holiday
ZA	2031-09-24	holiday
ZA	2031-12-16	holiday
ZA	2031-12-25	holiday
ZA	2031-12-26	holiday
ZA	2032-01-01	holiday
ZA	2032-03-21	holiday
ZA	2032-03-26	holiday
ZA	2032-03-29	holiday
ZA	2032-04-27	holiday
ZA	2032-05-01	holiday
ZA	2032-06-16	holiday
ZA	2032-08-09	holiday
ZA	2032-09-24	holiday
ZA	2032-12-16	holiday
ZA	2032-12-25	holiday
ZA	2032-12-26	holiday
ZA	2033-01-01	holiday
ZA	2033-03-21	holiday
ZA	2033-04-15	holiday
ZA	2033-04-18	holiday
ZA	2033-04-27	holiday
ZA	2033-05-01	holiday
ZA	2033-06-16	holiday
ZA	2033-08-09	holiday
ZA	2033-09-24	holiday
ZA	2033-12-16	holiday
ZA	2033-12-25	holiday
ZA	2033-12-26	holiday
ZA	2034-01-01	holiday
ZA	2034-03-21	holiday
ZA	2034-04-07	holiday
ZA	2034-04-10	holiday
ZA	2034-04-27	holiday
ZA	2034-05-01	holiday
ZA	2034-06-16	holiday
ZA	2034-08-09	holiday
ZA	2034-09-24	holiday
ZA	2034-12-16	holiday
ZA	2034-12-25	holiday
ZA	2034-12-26	holiday
ZA	2035-01-01	holiday
ZA	2035-03-21	holiday
ZA	2035-03-23	holiday
ZA	2035-03-26	holiday
ZA	2035-04-27	holiday
ZA	2035-05-01	holiday
ZA	2035-06-16	holiday
ZA	2035-08-09	holiday
ZA	2035-09-24	holiday
ZA	2035-12-16	holiday
ZA	2035-12-25	holiday
ZA	2035-12-26	holiday
