AE	United Arab Emirates	United Arab Emirates	Asia/Dubai
AF	Afghanistan	Afghanistan	Asia/Kabul
AL	Albania	Albania	Europe/Tirane
AM	Armenia	Armenia	Asia/Yerevan
AO	Angola	Angola	Africa/Luanda
AR	Argentina	Argentina	America/Argentina/Buenos_Aires
AT	Austria	Austria	Europe/Vienna
AU	Australia	Australia	Australia/Sydney
AZ	Azerbaijan	Azerbaijan	Asia/Baku
BA	Bosnia and Herzegovina	Bosnia and Herzegovina	Europe/Sarajevo
BD	Bangladesh	Bangladesh	Asia/Dhaka
BE	Belgium	Belgium	Europe/Brussels
BF	Burkina Faso	Burkina Faso	Africa/Ouagadougou
BG	Bulgaria	Bulgaria	Europe/Sofia
BH	Bahrain	Bahrain	Asia/Bahrain
BJ	Benin	Benin	Africa/Porto-Novo
BO	Bolivia	Bolivia	America/La_Paz
BR	Brazil	Brazil	America/Sao_Paulo
BS	Bahamas	Bahamas	America/Nassau
BW	Botswana	Botswana	Africa/Gaborone
BY	Belarus	Belarus	Europe/Minsk
CA	Canada	Canada	America/Toronto
CD	Democratic Republic of the Congo	Democratic Republic of the Congo	Africa/Kinshasa
CF	Central African Republic	Central African Republic	Africa/Bangui
CG	Republic of the Congo	Republic of the Congo	Africa/Brazzaville
CH	Switzerland	Switzerland	Europe/Zurich
CI	Ivory Coast	Ivory Coast	Africa/Abidjan
CL	Chile	Chile	America/Santiago
CM	Cameroon	Cameroon	Africa/Douala
CN	China	China	Asia/Shanghai
CO	Colombia	Colombia	America/Bogota
CR	Costa Rica	Costa Rica	America/Costa_Rica
CU	Cuba	Cuba	America/Havana
CV	Cabo Verde	Cabo Verde	Atlantic/Cape_Verde
CW	Curacao	Curacao	America/Curacao
CY	Cyprus	Cyprus	Asia/Nicosia
CZ	Czechia	Czechia	Europe/Prague
DE	Germany	Germany	Europe/Berlin
DJ	Djibouti	Djibouti	Africa/Djibouti
DK	Denmark	Denmark	Europe/Copenhagen
DO	Dominican Republic	Dominican Republic	America/Santo_Domingo
DZ	Algeria	Algeria	Africa/Algiers
EC	Ecuador	Ecuador	America/Guayaquil
EE	Estonia	Estonia	Europe/Tallinn
EG	Egypt	Egypt	Africa/Cairo
ER	Eritrea	Eritrea	Africa/Asmara
ES	Spain	Spain	Europe/Madrid
ET	Ethiopia	Ethiopia	Africa/Addis_Ababa
FI	Finland	Finland	Europe/Helsinki
FR	France	France	Europe/Paris
GA	Gabon	Gabon	Africa/Libreville
GB	United Kingdom	United Kingdom	Europe/London
GE	Georgia	Georgia	Asia/Tbilisi
GH	Ghana	Ghana	Africa/Accra
GN	Guinea	Guinea	Africa/Conakry
GR	Greece	Greece	Europe/Athens
GT	Guatemala	Guatemala	America/Guatemala
GW	Guinea-Bissau	Guinea-Bissau	Africa/Bissau
GY	Guyana	Guyana	America/Guyana
HK	Hong Kong	Hong Kong	Asia/Hong_Kong
HN	Honduras	Honduras	America/Tegucigalpa
HR	Croatia	Croatia	Europe/Zagreb
HT	Haiti	Haiti	America/Port-au-Prince
HU	Hungary	Hungary	Europe/Budapest
ID	Indonesia	Indonesia	Asia/Jakarta
IE	Ireland	Ireland	Europe/Dublin
IN	India	India	Asia/Kolkata
IQ	Iraq	Iraq	Asia/Baghdad
IR	Iran	Iran	Asia/Tehran
IS	Iceland	Iceland	Atlantic/Reykjavik
IT	Italy	Italy	Europe/Rome
JM	Jamaica	Jamaica	America/Jamaica
JO	Jordan	Jordan	Asia/Amman
JP	Japan	Japan	Asia/Tokyo
KE	Kenya	Kenya	Africa/Nairobi
KG	Kyrgyzstan	Kyrgyzstan	Asia/Bishkek
KH	Cambodia	Cambodia	Asia/Phnom_Penh
KP	North Korea	North Korea	Asia/Pyongyang
KR	South Korea	South Korea	Asia/Seoul
KZ	Kazakhstan	Kazakhstan	Asia/Almaty
LA	Laos	Laos	Asia/Vientiane
LB	Lebanon	Lebanon	Asia/Beirut
LK	Sri Lanka	Sri Lanka	Asia/Colombo
LR	Liberia	Liberia	Africa/Monrovia
LS	Lesotho	Lesotho	Africa/Maseru
LT	Lithuania	Lithuania	Europe/Vilnius
LV	Latvia	Latvia	Europe/Riga
LY	Libya	Libya	Africa/Tripoli
MA	Morocco	Morocco	Africa/Casablanca
MD	Moldova	Moldova	Europe/Chisinau
ME	Montenegro	Montenegro	Europe/Podgorica
MG	Madagascar	Madagascar	Indian/Antananarivo
MK	North Macedonia	North Macedonia	Europe/Skopje
ML	Mali	Mali	Africa/Bamako
MM	Myanmar	Myanmar	Asia/Yangon
MN	Mongolia	Mongolia	Asia/Ulaanbaatar
MO	Macao	Macao	Asia/Macau
MR	Mauritania	Mauritania	Africa/Nouakchott
MU	Mauritius	Mauritius	Indian/Mauritius
MV	Maldives	Maldives	Indian/Maldives
MW	Malawi	Malawi	Africa/Blantyre
MX	Mexico	Mexico	America/Mexico_City
MY	Malaysia	Malaysia	Asia/Kuala_Lumpur
MZ	Mozambique	Mozambique	Africa/Maputo
NA	Namibia	Namibia	Africa/Windhoek
NE	Niger	Niger	Africa/Niamey
NG	Nigeria	Nigeria	Africa/Lagos
NI	Nicaragua	Nicaragua	America/Managua
NL	The Netherlands	The Netherlands	Europe/Amsterdam
NO	Norway	Norway	Europe/Oslo
NP	Nepal	Nepal	Asia/Kathmandu
NZ	New Zealand	New Zealand	Pacific/Auckland
OM	Oman	Oman	Asia/Muscat
PA	Panama	Panama	America/Panama
PE	Peru	Peru	America/Lima
PG	Papua New Guinea	Papua New Guinea	Pacific/Port_Moresby
PH	Philippines	Philippines	Asia/Manila
PK	Pakistan	Pakistan	Asia/Karachi
PL	Poland	Poland	Europe/Warsaw
PR	Puerto Rico	Puerto Rico	America/Puerto_Rico
PT	Portugal	Portugal	Europe/Lisbon
PY	Paraguay	Paraguay	America/Asuncion
QA	Qatar	Qatar	Asia/Qatar
RE	Reunion	Reunion	Indian/Reunion
RO	Romania	Romania	Europe/Bucharest
RS	Serbia	Serbia	Europe/Belgrade
RU	Russia	Russia	Europe/Moscow
RW	Rwanda	Rwanda	Africa/Kigali
SA	Saudi Arabia	Saudi Arabia	Asia/Riyadh
SD	Sudan	Sudan	Africa/Khartoum
SE	Sweden	Sweden	Europe/Stockholm
SG	Singapore	Singapore	Asia/Singapore
SI	Slovenia	Slovenia	Europe/Ljubljana
SK	Slovakia	Slovakia	Europe/Bratislava
SL	Sierra Leone	Sierra Leone	Africa/Freetown
SN	Senegal	Senegal	Africa/Dakar
SO	Somalia	Somalia	Africa/Mogadishu
SR	Suriname	Suriname	America/Paramaribo
SS	South Sudan	South Sudan	Africa/Juba
SV	El Salvador	El Salvador	America/El_Salvador
SY	Syria	Syria	Asia/Damascus
TD	Chad	Chad	Africa/Ndjamena
TG	Togo	Togo	Africa/Lome
TH	Thailand	Thailand	Asia/Bangkok
TJ	Tajikistan	Tajikistan	Asia/Dushanbe
TL	Timor Leste	Timor Leste	Asia/Dili
TM	Turkmenistan	Turkmenistan	Asia/Ashgabat
TN	Tunisia	Tunisia	Africa/Tunis
TR	Turkey	Turkey	Europe/Istanbul
TW	Taiwan	Taiwan	Asia/Taipei
TZ	Tanzania	Tanzania	Africa/Dar_es_Salaam
UA	Ukraine	Ukraine	Europe/Kyiv
UG	Uganda	Uganda	Africa/Kampala
US	United States	United States	America/New_York
UY	Uruguay	Uruguay	America/Montevideo
UZ	Uzbekistan	Uzbekistan	Asia/Tashkent
VE	Venezuela	Venezuela	America/Caracas
VN	Vietnam	Vietnam	Asia/Bangkok
XK	Kosovo	Kosovo	Europe/Belgrade
YE	Yemen	Yemen	Asia/Aden
ZA	South Africa	South Africa	Africa/Johannesburg
ZM	Zambia	Zambia	Africa/Lusaka
ZW	Zimbabwe	Zimbabwe	Africa/Harare
